fecha,id_producto,cantidad_vendida,cliente_b2b,estado_orden
2025-11-29,PROD-CEMENTO,108,RETAIL OMEGA,COMPLETADA
2025-11-29,PROD-CEMENTO,108,RETAIL OMEGA,COMPLETADA
2025-11-29,PROD-CEMENTO,108,INDEPENDIENTE,COMPLETADA
2025-11-29,PROD-LADRILLO,112,INDEPENDIENTE,COMPLETADA
2025-11-29,PROD-LADRILLO,112,INDEPENDIENTE,COMPLETADA
2025-11-29,PROD-ACERO,423,CONSTRUCTORA ALFA,COMPLETADA
2025-11-29,PROD-ARENA,96,CONSTRUCTORA BETA,COMPLETADA
2025-11-29,PROD-ARENA,96,CONSTRUCTORA BETA,COMPLETADA
2025-11-29,PROD-ARENA,96,RETAIL OMEGA,COMPLETADA
2025-11-30,PROD-CEMENTO,99,CONSTRUCTORA ALFA,COMPLETADA
2025-11-30,PROD-CEMENTO,99,RETAIL OMEGA,COMPLETADA
2025-11-30,PROD-CEMENTO,99,RETAIL OMEGA,COMPLETADA
2025-11-30,PROD-LADRILLO,92,INDEPENDIENTE,COMPLETADA
2025-11-30,PROD-LADRILLO,92,RETAIL OMEGA,COMPLETADA
2025-11-30,PROD-LADRILLO,92,INDEPENDIENTE,COMPLETADA
2025-11-30,PROD-ACERO,101,CONSTRUCTORA BETA,COMPLETADA
2025-11-30,PROD-ACERO,101,CONSTRUCTORA BETA,COMPLETADA
2025-11-30,PROD-ARENA,123,INDEPENDIENTE,COMPLETADA
2025-11-30,PROD-ARENA,123,CONSTRUCTORA BETA,COMPLETADA
2025-11-30,PROD-ARENA,123,RETAIL OMEGA,COMPLETADA
2025-12-01,PROD-CEMENTO,215,CONSTRUCTORA ALFA,COMPLETADA
2025-12-01,PROD-CEMENTO,215,INDEPENDIENTE,COMPLETADA
2025-12-01,PROD-LADRILLO,216,CONSTRUCTORA ALFA,COMPLETADA
2025-12-01,PROD-ACERO,116,RETAIL OMEGA,COMPLETADA
2025-12-01,PROD-ACERO,116,RETAIL OMEGA,COMPLETADA
2025-12-01,PROD-ACERO,116,CONSTRUCTORA ALFA,COMPLETADA
2025-12-01,PROD-ARENA,134,CONSTRUCTORA BETA,COMPLETADA
2025-12-01,PROD-ARENA,134,CONSTRUCTORA ALFA,COMPLETADA
2025-12-01,PROD-ARENA,134,INDEPENDIENTE,COMPLETADA
2025-12-02,PROD-CEMENTO,129,RETAIL OMEGA,COMPLETADA
2025-12-02,PROD-CEMENTO,129,CONSTRUCTORA BETA,COMPLETADA
2025-12-02,PROD-CEMENTO,129,INDEPENDIENTE,COMPLETADA
2025-12-02,PROD-LADRILLO,351,RETAIL OMEGA,COMPLETADA
2025-12-02,PROD-ACERO,0,RETAIL OMEGA,CANCELADA_SIN_STOCK
2025-12-02,PROD-ARENA,109,CONSTRUCTORA ALFA,COMPLETADA
2025-12-02,PROD-ARENA,109,RETAIL OMEGA,COMPLETADA
2025-12-02,PROD-ARENA,109,RETAIL OMEGA,COMPLETADA
2025-12-03,PROD-CEMENTO,0,CONSTRUCTORA ALFA,CANCELADA_SIN_STOCK
2025-12-03,PROD-LADRILLO,188,CONSTRUCTORA ALFA,COMPLETADA
2025-12-03,PROD-LADRILLO,188,RETAIL OMEGA,COMPLETADA
2025-12-03,PROD-ACERO,105,RETAIL OMEGA,COMPLETADA
2025-12-03,PROD-ACERO,105,RETAIL OMEGA,COMPLETADA
2025-12-03,PROD-ACERO,105,CONSTRUCTORA BETA,COMPLETADA
2025-12-03,PROD-ARENA,185,INDEPENDIENTE,COMPLETADA
2025-12-03,PROD-ARENA,185,INDEPENDIENTE,COMPLETADA
2025-12-04,PROD-CEMENTO,141,RETAIL OMEGA,COMPLETADA
2025-12-04,PROD-CEMENTO,141,INDEPENDIENTE,COMPLETADA
2025-12-04,PROD-LADRILLO,168,CONSTRUCTORA ALFA,COMPLETADA
2025-12-04,PROD-LADRILLO,168,INDEPENDIENTE,COMPLETADA
2025-12-04,PROD-ACERO,259,CONSTRUCTORA BETA,COMPLETADA
2025-12-04,PROD-ARENA,78,CONSTRUCTORA BETA,COMPLETADA
2025-12-04,PROD-ARENA,78,INDEPENDIENTE,COMPLETADA
2025-12-04,PROD-ARENA,78,INDEPENDIENTE,COMPLETADA
2025-12-05,PROD-CEMENTO,144,RETAIL OMEGA,COMPLETADA
2025-12-05,PROD-CEMENTO,144,CONSTRUCTORA BETA,COMPLETADA
2025-12-05,PROD-LADRILLO,293,CONSTRUCTORA ALFA,COMPLETADA
2025-12-05,PROD-ACERO,103,INDEPENDIENTE,COMPLETADA
2025-12-05,PROD-ACERO,103,RETAIL OMEGA,COMPLETADA
2025-12-05,PROD-ARENA,180,INDEPENDIENTE,COMPLETADA
2025-12-05,PROD-ARENA,180,CONSTRUCTORA ALFA,COMPLETADA
2025-12-06,PROD-CEMENTO,475,CONSTRUCTORA ALFA,COMPLETADA
2025-12-06,PROD-LADRILLO,184,RETAIL OMEGA,COMPLETADA
2025-12-06,PROD-LADRILLO,184,RETAIL OMEGA,COMPLETADA
2025-12-06,PROD-ACERO,112,CONSTRUCTORA BETA,COMPLETADA
2025-12-06,PROD-ACERO,112,INDEPENDIENTE,COMPLETADA
2025-12-06,PROD-ACERO,112,CONSTRUCTORA ALFA,COMPLETADA
2025-12-06,PROD-ARENA,177,CONSTRUCTORA BETA,COMPLETADA
2025-12-06,PROD-ARENA,177,RETAIL OMEGA,COMPLETADA
2025-12-07,PROD-CEMENTO,154,INDEPENDIENTE,COMPLETADA
2025-12-07,PROD-CEMENTO,154,CONSTRUCTORA ALFA,COMPLETADA
2025-12-07,PROD-LADRILLO,131,INDEPENDIENTE,COMPLETADA
2025-12-07,PROD-LADRILLO,131,INDEPENDIENTE,COMPLETADA
2025-12-07,PROD-LADRILLO,131,RETAIL OMEGA,COMPLETADA
2025-12-07,PROD-ACERO,93,CONSTRUCTORA ALFA,COMPLETADA
2025-12-07,PROD-ACERO,93,INDEPENDIENTE,COMPLETADA
2025-12-07,PROD-ACERO,93,INDEPENDIENTE,COMPLETADA
2025-12-07,PROD-ARENA,121,INDEPENDIENTE,COMPLETADA
2025-12-07,PROD-ARENA,121,CONSTRUCTORA BETA,COMPLETADA
2025-12-08,PROD-CEMENTO,406,INDEPENDIENTE,COMPLETADA
2025-12-08,PROD-LADRILLO,78,RETAIL OMEGA,COMPLETADA
2025-12-08,PROD-LADRILLO,78,CONSTRUCTORA ALFA,COMPLETADA
2025-12-08,PROD-LADRILLO,78,INDEPENDIENTE,COMPLETADA
2025-12-08,PROD-ACERO,119,CONSTRUCTORA BETA,COMPLETADA
2025-12-08,PROD-ACERO,119,CONSTRUCTORA BETA,COMPLETADA
2025-12-08,PROD-ARENA,93,CONSTRUCTORA BETA,COMPLETADA
2025-12-08,PROD-ARENA,93,CONSTRUCTORA ALFA,COMPLETADA
2025-12-08,PROD-ARENA,93,CONSTRUCTORA BETA,COMPLETADA
2025-12-09,PROD-CEMENTO,331,INDEPENDIENTE,COMPLETADA
2025-12-09,PROD-LADRILLO,144,CONSTRUCTORA ALFA,COMPLETADA
2025-12-09,PROD-LADRILLO,144,CONSTRUCTORA BETA,COMPLETADA
2025-12-09,PROD-ACERO,119,RETAIL OMEGA,COMPLETADA
2025-12-09,PROD-ACERO,119,INDEPENDIENTE,COMPLETADA
2025-12-09,PROD-ACERO,119,CONSTRUCTORA ALFA,COMPLETADA
2025-12-09,PROD-ARENA,0,CONSTRUCTORA ALFA,CANCELADA_SIN_STOCK
2025-12-10,PROD-CEMENTO,160,CONSTRUCTORA BETA,COMPLETADA
2025-12-10,PROD-LADRILLO,220,INDEPENDIENTE,COMPLETADA
2025-12-10,PROD-LADRILLO,220,RETAIL OMEGA,COMPLETADA
2025-12-10,PROD-ACERO,104,CONSTRUCTORA ALFA,COMPLETADA
2025-12-10,PROD-ACERO,104,INDEPENDIENTE,COMPLETADA
2025-12-10,PROD-ARENA,205,RETAIL OMEGA,COMPLETADA
2025-12-10,PROD-ARENA,205,CONSTRUCTORA BETA,COMPLETADA
2025-12-11,PROD-CEMENTO,608,INDEPENDIENTE,COMPLETADA
2025-12-11,PROD-LADRILLO,104,INDEPENDIENTE,COMPLETADA
2025-12-11,PROD-LADRILLO,104,CONSTRUCTORA BETA,COMPLETADA
2025-12-11,PROD-LADRILLO,104,CONSTRUCTORA BETA,COMPLETADA
2025-12-11,PROD-ACERO,132,CONSTRUCTORA BETA,COMPLETADA
2025-12-11,PROD-ACERO,132,CONSTRUCTORA ALFA,COMPLETADA
2025-12-11,PROD-ACERO,132,CONSTRUCTORA BETA,COMPLETADA
2025-12-11,PROD-ARENA,387,CONSTRUCTORA ALFA,COMPLETADA
2025-12-12,PROD-CEMENTO,143,RETAIL OMEGA,COMPLETADA
2025-12-12,PROD-CEMENTO,143,RETAIL OMEGA,COMPLETADA
2025-12-12,PROD-LADRILLO,104,RETAIL OMEGA,COMPLETADA
2025-12-12,PROD-LADRILLO,104,INDEPENDIENTE,COMPLETADA
2025-12-12,PROD-LADRILLO,104,CONSTRUCTORA BETA,COMPLETADA
2025-12-12,PROD-ACERO,0,CONSTRUCTORA BETA,CANCELADA_SIN_STOCK
2025-12-12,PROD-ARENA,369,CONSTRUCTORA BETA,COMPLETADA
2025-12-13,PROD-CEMENTO,272,INDEPENDIENTE,COMPLETADA
2025-12-13,PROD-LADRILLO,159,CONSTRUCTORA ALFA,COMPLETADA
2025-12-13,PROD-LADRILLO,159,CONSTRUCTORA BETA,COMPLETADA
2025-12-13,PROD-LADRILLO,159,CONSTRUCTORA ALFA,COMPLETADA
2025-12-13,PROD-ACERO,98,CONSTRUCTORA ALFA,COMPLETADA
2025-12-13,PROD-ACERO,98,CONSTRUCTORA ALFA,COMPLETADA
2025-12-13,PROD-ARENA,0,RETAIL OMEGA,CANCELADA_SIN_STOCK
2025-12-14,PROD-CEMENTO,0,CONSTRUCTORA BETA,CANCELADA_SIN_STOCK
2025-12-14,PROD-LADRILLO,295,RETAIL OMEGA,COMPLETADA
2025-12-14,PROD-ACERO,130,CONSTRUCTORA BETA,COMPLETADA
2025-12-14,PROD-ACERO,130,CONSTRUCTORA ALFA,COMPLETADA
2025-12-14,PROD-ARENA,360,CONSTRUCTORA ALFA,COMPLETADA
2025-12-15,PROD-CEMENTO,83,INDEPENDIENTE,COMPLETADA
2025-12-15,PROD-CEMENTO,83,INDEPENDIENTE,COMPLETADA
2025-12-15,PROD-CEMENTO,83,INDEPENDIENTE,COMPLETADA
2025-12-15,PROD-LADRILLO,156,CONSTRUCTORA ALFA,COMPLETADA
2025-12-15,PROD-LADRILLO,156,INDEPENDIENTE,COMPLETADA
2025-12-15,PROD-LADRILLO,156,RETAIL OMEGA,COMPLETADA
2025-12-15,PROD-ACERO,347,INDEPENDIENTE,COMPLETADA
2025-12-15,PROD-ARENA,0,CONSTRUCTORA ALFA,CANCELADA_SIN_STOCK
2025-12-16,PROD-CEMENTO,0,RETAIL OMEGA,CANCELADA_SIN_STOCK
2025-12-16,PROD-LADRILLO,0,CONSTRUCTORA ALFA,CANCELADA_SIN_STOCK
2025-12-16,PROD-ACERO,135,CONSTRUCTORA ALFA,COMPLETADA
2025-12-16,PROD-ACERO,135,RETAIL OMEGA,COMPLETADA
2025-12-16,PROD-ARENA,175,CONSTRUCTORA ALFA,COMPLETADA
2025-12-16,PROD-ARENA,175,CONSTRUCTORA ALFA,COMPLETADA
2025-12-17,PROD-CEMENTO,171,CONSTRUCTORA ALFA,COMPLETADA
2025-12-17,PROD-CEMENTO,171,RETAIL OMEGA,COMPLETADA
2025-12-17,PROD-LADRILLO,385,RETAIL OMEGA,COMPLETADA
2025-12-17,PROD-ACERO,320,CONSTRUCTORA BETA,COMPLETADA
2025-12-17,PROD-ARENA,232,INDEPENDIENTE,COMPLETADA
2025-12-18,PROD-CEMENTO,0,RETAIL OMEGA,CANCELADA_SIN_STOCK
2025-12-18,PROD-LADRILLO,0,INDEPENDIENTE,CANCELADA_SIN_STOCK
2025-12-18,PROD-ACERO,347,CONSTRUCTORA ALFA,COMPLETADA
2025-12-18,PROD-ARENA,204,RETAIL OMEGA,COMPLETADA
2025-12-19,PROD-CEMENTO,332,CONSTRUCTORA BETA,COMPLETADA
2025-12-19,PROD-LADRILLO,304,INDEPENDIENTE,COMPLETADA
2025-12-19,PROD-ACERO,0,RETAIL OMEGA,CANCELADA_SIN_STOCK
2025-12-19,PROD-ARENA,87,CONSTRUCTORA ALFA,COMPLETADA
2025-12-19,PROD-ARENA,87,CONSTRUCTORA ALFA,COMPLETADA
2025-12-19,PROD-ARENA,87,INDEPENDIENTE,COMPLETADA
2025-12-20,PROD-CEMENTO,224,RETAIL OMEGA,COMPLETADA
2025-12-20,PROD-CEMENTO,224,RETAIL OMEGA,COMPLETADA
2025-12-20,PROD-LADRILLO,149,CONSTRUCTORA BETA,COMPLETADA
2025-12-20,PROD-ACERO,77,CONSTRUCTORA ALFA,COMPLETADA
2025-12-20,PROD-ACERO,77,INDEPENDIENTE,COMPLETADA
2025-12-20,PROD-ACERO,77,CONSTRUCTORA BETA,COMPLETADA
2025-12-20,PROD-ARENA,148,CONSTRUCTORA ALFA,COMPLETADA
2025-12-20,PROD-ARENA,148,CONSTRUCTORA BETA,COMPLETADA
2025-12-21,PROD-CEMENTO,331,INDEPENDIENTE,COMPLETADA
2025-12-21,PROD-LADRILLO,101,CONSTRUCTORA ALFA,COMPLETADA
2025-12-21,PROD-LADRILLO,101,CONSTRUCTORA ALFA,COMPLETADA
2025-12-21,PROD-LADRILLO,101,CONSTRUCTORA BETA,COMPLETADA
2025-12-21,PROD-ACERO,121,INDEPENDIENTE,COMPLETADA
2025-12-21,PROD-ACERO,121,INDEPENDIENTE,COMPLETADA
2025-12-21,PROD-ARENA,117,INDEPENDIENTE,COMPLETADA
2025-12-21,PROD-ARENA,117,INDEPENDIENTE,COMPLETADA
2025-12-22,PROD-CEMENTO,155,CONSTRUCTORA ALFA,COMPLETADA
2025-12-22,PROD-LADRILLO,296,CONSTRUCTORA ALFA,COMPLETADA
2025-12-22,PROD-ACERO,113,CONSTRUCTORA ALFA,COMPLETADA
2025-12-22,PROD-ACERO,113,CONSTRUCTORA BETA,COMPLETADA
2025-12-22,PROD-ACERO,113,CONSTRUCTORA BETA,COMPLETADA
2025-12-22,PROD-ARENA,156,CONSTRUCTORA BETA,COMPLETADA
2025-12-22,PROD-ARENA,156,RETAIL OMEGA,COMPLETADA
2025-12-23,PROD-CEMENTO,0,INDEPENDIENTE,CANCELADA_SIN_STOCK
2025-12-23,PROD-LADRILLO,212,CONSTRUCTORA BETA,COMPLETADA
2025-12-23,PROD-ACERO,102,RETAIL OMEGA,COMPLETADA
2025-12-23,PROD-ACERO,102,CONSTRUCTORA ALFA,COMPLETADA
2025-12-23,PROD-ACERO,102,CONSTRUCTORA ALFA,COMPLETADA
2025-12-23,PROD-ARENA,0,INDEPENDIENTE,CANCELADA_SIN_STOCK
2025-12-24,PROD-CEMENTO,162,CONSTRUCTORA BETA,COMPLETADA
2025-12-24,PROD-CEMENTO,162,RETAIL OMEGA,COMPLETADA
2025-12-24,PROD-LADRILLO,288,CONSTRUCTORA ALFA,COMPLETADA
2025-12-24,PROD-ACERO,113,INDEPENDIENTE,COMPLETADA
2025-12-24,PROD-ACERO,113,RETAIL OMEGA,COMPLETADA
2025-12-24,PROD-ACERO,113,CONSTRUCTORA BETA,COMPLETADA
2025-12-24,PROD-ARENA,292,CONSTRUCTORA BETA,COMPLETADA
2025-12-25,PROD-CEMENTO,167,CONSTRUCTORA ALFA,COMPLETADA
2025-12-25,PROD-CEMENTO,167,CONSTRUCTORA ALFA,COMPLETADA
2025-12-25,PROD-CEMENTO,167,CONSTRUCTORA BETA,COMPLETADA
2025-12-25,PROD-LADRILLO,136,CONSTRUCTORA BETA,COMPLETADA
2025-12-25,PROD-LADRILLO,136,CONSTRUCTORA BETA,COMPLETADA
2025-12-25,PROD-ACERO,68,INDEPENDIENTE,COMPLETADA
2025-12-25,PROD-ACERO,68,CONSTRUCTORA ALFA,COMPLETADA
2025-12-25,PROD-ARENA,203,RETAIL OMEGA,COMPLETADA
2025-12-25,PROD-ARENA,203,CONSTRUCTORA ALFA,COMPLETADA
2025-12-26,PROD-CEMENTO,295,CONSTRUCTORA BETA,COMPLETADA
2025-12-26,PROD-LADRILLO,83,RETAIL OMEGA,COMPLETADA
2025-12-26,PROD-LADRILLO,83,RETAIL OMEGA,COMPLETADA
2025-12-26,PROD-LADRILLO,83,CONSTRUCTORA ALFA,COMPLETADA
2025-12-26,PROD-ACERO,419,RETAIL OMEGA,COMPLETADA
2025-12-26,PROD-ARENA,150,RETAIL OMEGA,COMPLETADA
2025-12-26,PROD-ARENA,150,RETAIL OMEGA,COMPLETADA
2025-12-27,PROD-CEMENTO,195,CONSTRUCTORA BETA,COMPLETADA
2025-12-27,PROD-LADRILLO,0,INDEPENDIENTE,CANCELADA_SIN_STOCK
2025-12-27,PROD-ACERO,39,CONSTRUCTORA ALFA,COMPLETADA
2025-12-27,PROD-ACERO,39,CONSTRUCTORA BETA,COMPLETADA
2025-12-27,PROD-ACERO,39,CONSTRUCTORA ALFA,COMPLETADA
2025-12-27,PROD-ARENA,152,INDEPENDIENTE,COMPLETADA
2025-12-27,PROD-ARENA,152,CONSTRUCTORA ALFA,COMPLETADA
2025-12-27,PROD-ARENA,152,CONSTRUCTORA ALFA,COMPLETADA
2025-12-28,PROD-CEMENTO,120,RETAIL OMEGA,COMPLETADA
2025-12-28,PROD-CEMENTO,120,RETAIL OMEGA,COMPLETADA
2025-12-28,PROD-CEMENTO,120,INDEPENDIENTE,COMPLETADA
2025-12-28,PROD-LADRILLO,204,CONSTRUCTORA ALFA,COMPLETADA
2025-12-28,PROD-LADRILLO,204,CONSTRUCTORA BETA,COMPLETADA
2025-12-28,PROD-ACERO,0,RETAIL OMEGA,CANCELADA_SIN_STOCK
2025-12-28,PROD-ARENA,377,CONSTRUCTORA BETA,COMPLETADA
2025-12-29,PROD-CEMENTO,105,CONSTRUCTORA ALFA,COMPLETADA
2025-12-29,PROD-CEMENTO,105,INDEPENDIENTE,COMPLETADA
2025-12-29,PROD-CEMENTO,105,CONSTRUCTORA BETA,COMPLETADA
2025-12-29,PROD-LADRILLO,316,INDEPENDIENTE,COMPLETADA
2025-12-29,PROD-ACERO,157,CONSTRUCTORA BETA,COMPLETADA
2025-12-29,PROD-ACERO,157,CONSTRUCTORA BETA,COMPLETADA
2025-12-29,PROD-ACERO,157,RETAIL OMEGA,COMPLETADA
2025-12-29,PROD-ARENA,284,CONSTRUCTORA BETA,COMPLETADA
2025-12-30,PROD-CEMENTO,347,CONSTRUCTORA BETA,COMPLETADA
2025-12-30,PROD-LADRILLO,140,RETAIL OMEGA,COMPLETADA
2025-12-30,PROD-LADRILLO,140,INDEPENDIENTE,COMPLETADA
2025-12-30,PROD-ACERO,76,CONSTRUCTORA ALFA,COMPLETADA
2025-12-30,PROD-ACERO,76,RETAIL OMEGA,COMPLETADA
2025-12-30,PROD-ACERO,76,RETAIL OMEGA,COMPLETADA
2025-12-30,PROD-ARENA,147,CONSTRUCTORA BETA,COMPLETADA
2025-12-30,PROD-ARENA,147,INDEPENDIENTE,COMPLETADA
2025-12-31,PROD-CEMENTO,160,INDEPENDIENTE,COMPLETADA
2025-12-31,PROD-CEMENTO,160,CONSTRUCTORA BETA,COMPLETADA
2025-12-31,PROD-LADRILLO,180,RETAIL OMEGA,COMPLETADA
2025-12-31,PROD-LADRILLO,180,CONSTRUCTORA ALFA,COMPLETADA
2025-12-31,PROD-ACERO,219,INDEPENDIENTE,COMPLETADA
2025-12-31,PROD-ARENA,113,CONSTRUCTORA ALFA,COMPLETADA
2025-12-31,PROD-ARENA,113,CONSTRUCTORA BETA,COMPLETADA
2026-01-01,PROD-CEMENTO,85,CONSTRUCTORA BETA,COMPLETADA
2026-01-01,PROD-CEMENTO,85,INDEPENDIENTE,COMPLETADA
2026-01-01,PROD-LADRILLO,0,CONSTRUCTORA BETA,CANCELADA_SIN_STOCK
2026-01-01,PROD-ACERO,84,CONSTRUCTORA ALFA,COMPLETADA
2026-01-01,PROD-ACERO,84,CONSTRUCTORA ALFA,COMPLETADA
2026-01-01,PROD-ACERO,84,CONSTRUCTORA ALFA,COMPLETADA
2026-01-01,PROD-ARENA,0,INDEPENDIENTE,CANCELADA_SIN_STOCK
2026-01-02,PROD-CEMENTO,156,INDEPENDIENTE,COMPLETADA
2026-01-02,PROD-CEMENTO,156,INDEPENDIENTE,COMPLETADA
2026-01-02,PROD-LADRILLO,100,INDEPENDIENTE,COMPLETADA
2026-01-02,PROD-LADRILLO,100,INDEPENDIENTE,COMPLETADA
2026-01-02,PROD-ACERO,177,RETAIL OMEGA,COMPLETADA
2026-01-02,PROD-ACERO,177,CONSTRUCTORA ALFA,COMPLETADA
2026-01-02,PROD-ARENA,196,CONSTRUCTORA ALFA,COMPLETADA
2026-01-03,PROD-CEMENTO,226,INDEPENDIENTE,COMPLETADA
2026-01-03,PROD-CEMENTO,226,RETAIL OMEGA,COMPLETADA
2026-01-03,PROD-LADRILLO,420,CONSTRUCTORA ALFA,COMPLETADA
2026-01-03,PROD-ACERO,41,RETAIL OMEGA,COMPLETADA
2026-01-03,PROD-ACERO,41,RETAIL OMEGA,COMPLETADA
2026-01-03,PROD-ACERO,41,CONSTRUCTORA BETA,COMPLETADA
2026-01-03,PROD-ARENA,130,RETAIL OMEGA,COMPLETADA
2026-01-03,PROD-ARENA,130,CONSTRUCTORA ALFA,COMPLETADA
2026-01-03,PROD-ARENA,130,CONSTRUCTORA ALFA,COMPLETADA
2026-01-04,PROD-CEMENTO,319,CONSTRUCTORA ALFA,COMPLETADA
2026-01-04,PROD-LADRILLO,165,CONSTRUCTORA BETA,COMPLETADA
2026-01-04,PROD-LADRILLO,165,CONSTRUCTORA BETA,COMPLETADA
2026-01-04,PROD-ACERO,106,RETAIL OMEGA,COMPLETADA
2026-01-04,PROD-ACERO,106,INDEPENDIENTE,COMPLETADA
2026-01-04,PROD-ACERO,106,CONSTRUCTORA ALFA,COMPLETADA
2026-01-04,PROD-ARENA,0,RETAIL OMEGA,CANCELADA_SIN_STOCK
2026-01-05,PROD-CEMENTO,255,CONSTRUCTORA BETA,COMPLETADA
2026-01-05,PROD-LADRILLO,0,RETAIL OMEGA,CANCELADA_SIN_STOCK
2026-01-05,PROD-ACERO,141,CONSTRUCTORA BETA,COMPLETADA
2026-01-05,PROD-ACERO,141,CONSTRUCTORA BETA,COMPLETADA
2026-01-05,PROD-ACERO,141,INDEPENDIENTE,COMPLETADA
2026-01-05,PROD-ARENA,38,INDEPENDIENTE,COMPLETADA
2026-01-05,PROD-ARENA,38,CONSTRUCTORA BETA,COMPLETADA
2026-01-05,PROD-ARENA,38,CONSTRUCTORA ALFA,COMPLETADA
2026-01-06,PROD-CEMENTO,0,CONSTRUCTORA ALFA,CANCELADA_SIN_STOCK
2026-01-06,PROD-LADRILLO,425,INDEPENDIENTE,COMPLETADA
2026-01-06,PROD-ACERO,0,CONSTRUCTORA BETA,CANCELADA_SIN_STOCK
2026-01-06,PROD-ARENA,285,CONSTRUCTORA BETA,COMPLETADA
2026-01-07,PROD-CEMENTO,362,CONSTRUCTORA ALFA,COMPLETADA
2026-01-07,PROD-LADRILLO,89,CONSTRUCTORA BETA,COMPLETADA
2026-01-07,PROD-LADRILLO,89,RETAIL OMEGA,COMPLETADA
2026-01-07,PROD-LADRILLO,89,RETAIL OMEGA,COMPLETADA
2026-01-07,PROD-ACERO,144,INDEPENDIENTE,COMPLETADA
2026-01-07,PROD-ACERO,144,CONSTRUCTORA ALFA,COMPLETADA
2026-01-07,PROD-ARENA,0,RETAIL OMEGA,CANCELADA_SIN_STOCK
2026-01-08,PROD-CEMENTO,101,CONSTRUCTORA BETA,COMPLETADA
2026-01-08,PROD-CEMENTO,101,RETAIL OMEGA,COMPLETADA
2026-01-08,PROD-CEMENTO,101,CONSTRUCTORA BETA,COMPLETADA
2026-01-08,PROD-LADRILLO,102,CONSTRUCTORA BETA,COMPLETADA
2026-01-08,PROD-LADRILLO,102,INDEPENDIENTE,COMPLETADA
2026-01-08,PROD-LADRILLO,102,CONSTRUCTORA ALFA,COMPLETADA
2026-01-08,PROD-ACERO,287,RETAIL OMEGA,COMPLETADA
2026-01-08,PROD-ARENA,82,CONSTRUCTORA ALFA,COMPLETADA
2026-01-08,PROD-ARENA,82,INDEPENDIENTE,COMPLETADA
2026-01-08,PROD-ARENA,82,CONSTRUCTORA ALFA,COMPLETADA
2026-01-09,PROD-CEMENTO,0,CONSTRUCTORA BETA,CANCELADA_SIN_STOCK
2026-01-09,PROD-LADRILLO,0,INDEPENDIENTE,CANCELADA_SIN_STOCK
2026-01-09,PROD-ACERO,103,RETAIL OMEGA,COMPLETADA
2026-01-09,PROD-ACERO,103,INDEPENDIENTE,COMPLETADA
2026-01-09,PROD-ACERO,103,RETAIL OMEGA,COMPLETADA
2026-01-09,PROD-ARENA,127,INDEPENDIENTE,COMPLETADA
2026-01-09,PROD-ARENA,127,INDEPENDIENTE,COMPLETADA
2026-01-10,PROD-CEMENTO,109,CONSTRUCTORA BETA,COMPLETADA
2026-01-10,PROD-CEMENTO,109,INDEPENDIENTE,COMPLETADA
2026-01-10,PROD-LADRILLO,298,INDEPENDIENTE,COMPLETADA
2026-01-10,PROD-ACERO,114,CONSTRUCTORA BETA,COMPLETADA
2026-01-10,PROD-ACERO,114,CONSTRUCTORA BETA,COMPLETADA
2026-01-10,PROD-ACERO,114,INDEPENDIENTE,COMPLETADA
2026-01-10,PROD-ARENA,127,RETAIL OMEGA,COMPLETADA
2026-01-10,PROD-ARENA,127,INDEPENDIENTE,COMPLETADA
2026-01-10,PROD-ARENA,127,RETAIL OMEGA,COMPLETADA
2026-01-11,PROD-CEMENTO,113,INDEPENDIENTE,COMPLETADA
2026-01-11,PROD-CEMENTO,113,CONSTRUCTORA BETA,COMPLETADA
2026-01-11,PROD-CEMENTO,113,RETAIL OMEGA,COMPLETADA
2026-01-11,PROD-LADRILLO,335,CONSTRUCTORA BETA,COMPLETADA
2026-01-11,PROD-ACERO,137,RETAIL OMEGA,COMPLETADA
2026-01-11,PROD-ACERO,137,CONSTRUCTORA ALFA,COMPLETADA
2026-01-11,PROD-ARENA,441,RETAIL OMEGA,COMPLETADA
2026-01-12,PROD-CEMENTO,86,RETAIL OMEGA,COMPLETADA
2026-01-12,PROD-CEMENTO,86,INDEPENDIENTE,COMPLETADA
2026-01-12,PROD-CEMENTO,86,INDEPENDIENTE,COMPLETADA
2026-01-12,PROD-LADRILLO,126,INDEPENDIENTE,COMPLETADA
2026-01-12,PROD-ACERO,110,RETAIL OMEGA,COMPLETADA
2026-01-12,PROD-ACERO,110,INDEPENDIENTE,COMPLETADA
2026-01-12,PROD-ARENA,38,CONSTRUCTORA ALFA,COMPLETADA
2026-01-12,PROD-ARENA,38,CONSTRUCTORA ALFA,COMPLETADA
2026-01-13,PROD-CEMENTO,142,CONSTRUCTORA BETA,COMPLETADA
2026-01-13,PROD-CEMENTO,142,CONSTRUCTORA ALFA,COMPLETADA
2026-01-13,PROD-LADRILLO,344,CONSTRUCTORA ALFA,COMPLETADA
2026-01-13,PROD-ACERO,325,RETAIL OMEGA,COMPLETADA
2026-01-13,PROD-ARENA,378,CONSTRUCTORA ALFA,COMPLETADA
2026-01-14,PROD-CEMENTO,160,CONSTRUCTORA BETA,COMPLETADA
2026-01-14,PROD-CEMENTO,160,CONSTRUCTORA BETA,COMPLETADA
2026-01-14,PROD-LADRILLO,0,CONSTRUCTORA BETA,CANCELADA_SIN_STOCK
2026-01-14,PROD-ACERO,239,CONSTRUCTORA ALFA,COMPLETADA
2026-01-14,PROD-ARENA,96,INDEPENDIENTE,COMPLETADA
2026-01-14,PROD-ARENA,96,RETAIL OMEGA,COMPLETADA
2026-01-14,PROD-ARENA,96,CONSTRUCTORA BETA,COMPLETADA
2026-01-15,PROD-CEMENTO,314,CONSTRUCTORA BETA,COMPLETADA
2026-01-15,PROD-LADRILLO,0,RETAIL OMEGA,CANCELADA_SIN_STOCK
2026-01-15,PROD-ACERO,82,CONSTRUCTORA BETA,COMPLETADA
2026-01-15,PROD-ACERO,82,CONSTRUCTORA ALFA,COMPLETADA
2026-01-15,PROD-ACERO,82,CONSTRUCTORA BETA,COMPLETADA
2026-01-15,PROD-ARENA,193,CONSTRUCTORA ALFA,COMPLETADA
2026-01-16,PROD-CEMENTO,133,CONSTRUCTORA ALFA,COMPLETADA
2026-01-16,PROD-CEMENTO,133,INDEPENDIENTE,COMPLETADA
2026-01-16,PROD-LADRILLO,174,INDEPENDIENTE,COMPLETADA
2026-01-16,PROD-ACERO,227,INDEPENDIENTE,COMPLETADA
2026-01-16,PROD-ACERO,227,INDEPENDIENTE,COMPLETADA
2026-01-16,PROD-ARENA,177,INDEPENDIENTE,COMPLETADA
2026-01-16,PROD-ARENA,177,CONSTRUCTORA BETA,COMPLETADA
2026-01-17,PROD-CEMENTO,179,CONSTRUCTORA ALFA,COMPLETADA
2026-01-17,PROD-CEMENTO,179,CONSTRUCTORA ALFA,COMPLETADA
2026-01-17,PROD-LADRILLO,85,CONSTRUCTORA BETA,COMPLETADA
2026-01-17,PROD-LADRILLO,85,CONSTRUCTORA ALFA,COMPLETADA
2026-01-17,PROD-LADRILLO,85,CONSTRUCTORA BETA,COMPLETADA
2026-01-17,PROD-ACERO,94,RETAIL OMEGA,COMPLETADA
2026-01-17,PROD-ACERO,94,CONSTRUCTORA ALFA,COMPLETADA
2026-01-17,PROD-ACERO,94,CONSTRUCTORA BETA,COMPLETADA
2026-01-17,PROD-ARENA,123,RETAIL OMEGA,COMPLETADA
2026-01-17,PROD-ARENA,123,CONSTRUCTORA ALFA,COMPLETADA
2026-01-18,PROD-CEMENTO,69,RETAIL OMEGA,COMPLETADA
2026-01-18,PROD-CEMENTO,69,CONSTRUCTORA ALFA,COMPLETADA
2026-01-18,PROD-LADRILLO,65,INDEPENDIENTE,COMPLETADA
2026-01-18,PROD-LADRILLO,65,CONSTRUCTORA ALFA,COMPLETADA
2026-01-18,PROD-LADRILLO,65,INDEPENDIENTE,COMPLETADA
2026-01-18,PROD-ACERO,181,CONSTRUCTORA BETA,COMPLETADA
2026-01-18,PROD-ARENA,55,RETAIL OMEGA,COMPLETADA
2026-01-18,PROD-ARENA,55,RETAIL OMEGA,COMPLETADA
2026-01-19,PROD-CEMENTO,95,CONSTRUCTORA BETA,COMPLETADA
2026-01-19,PROD-CEMENTO,95,INDEPENDIENTE,COMPLETADA
2026-01-19,PROD-CEMENTO,95,CONSTRUCTORA ALFA,COMPLETADA
2026-01-19,PROD-LADRILLO,33,CONSTRUCTORA ALFA,COMPLETADA
2026-01-19,PROD-LADRILLO,33,CONSTRUCTORA BETA,COMPLETADA
2026-01-19,PROD-LADRILLO,33,CONSTRUCTORA BETA,COMPLETADA
2026-01-19,PROD-ACERO,258,RETAIL OMEGA,COMPLETADA
2026-01-19,PROD-ARENA,131,CONSTRUCTORA ALFA,COMPLETADA
2026-01-19,PROD-ARENA,131,CONSTRUCTORA ALFA,COMPLETADA
2026-01-20,PROD-CEMENTO,76,CONSTRUCTORA BETA,COMPLETADA
2026-01-20,PROD-CEMENTO,76,CONSTRUCTORA ALFA,COMPLETADA
2026-01-20,PROD-CEMENTO,76,CONSTRUCTORA ALFA,COMPLETADA
2026-01-20,PROD-LADRILLO,152,INDEPENDIENTE,COMPLETADA
2026-01-20,PROD-LADRILLO,152,RETAIL OMEGA,COMPLETADA
2026-01-20,PROD-ACERO,82,CONSTRUCTORA BETA,COMPLETADA
2026-01-20,PROD-ACERO,82,CONSTRUCTORA ALFA,COMPLETADA
2026-01-20,PROD-ACERO,82,RETAIL OMEGA,COMPLETADA
2026-01-20,PROD-ARENA,257,CONSTRUCTORA ALFA,COMPLETADA
2026-01-21,PROD-CEMENTO,113,RETAIL OMEGA,COMPLETADA
2026-01-21,PROD-CEMENTO,113,CONSTRUCTORA ALFA,COMPLETADA
2026-01-21,PROD-CEMENTO,113,CONSTRUCTORA ALFA,COMPLETADA
2026-01-21,PROD-LADRILLO,254,INDEPENDIENTE,COMPLETADA
2026-01-21,PROD-ACERO,82,CONSTRUCTORA ALFA,COMPLETADA
2026-01-21,PROD-ACERO,82,CONSTRUCTORA ALFA,COMPLETADA
2026-01-21,PROD-ACERO,82,INDEPENDIENTE,COMPLETADA
2026-01-21,PROD-ARENA,89,CONSTRUCTORA ALFA,COMPLETADA
2026-01-21,PROD-ARENA,89,CONSTRUCTORA BETA,COMPLETADA
2026-01-21,PROD-ARENA,89,INDEPENDIENTE,COMPLETADA
2026-01-22,PROD-CEMENTO,0,INDEPENDIENTE,CANCELADA_SIN_STOCK
2026-01-22,PROD-LADRILLO,125,CONSTRUCTORA BETA,COMPLETADA
2026-01-22,PROD-LADRILLO,125,INDEPENDIENTE,COMPLETADA
2026-01-22,PROD-LADRILLO,125,RETAIL OMEGA,COMPLETADA
2026-01-22,PROD-ACERO,299,INDEPENDIENTE,COMPLETADA
2026-01-22,PROD-ARENA,0,CONSTRUCTORA BETA,CANCELADA_SIN_STOCK
2026-01-23,PROD-CEMENTO,85,INDEPENDIENTE,COMPLETADA
2026-01-23,PROD-CEMENTO,85,INDEPENDIENTE,COMPLETADA
2026-01-23,PROD-CEMENTO,85,CONSTRUCTORA BETA,COMPLETADA
2026-01-23,PROD-LADRILLO,117,INDEPENDIENTE,COMPLETADA
2026-01-23,PROD-LADRILLO,117,INDEPENDIENTE,COMPLETADA
2026-01-23,PROD-LADRILLO,117,INDEPENDIENTE,COMPLETADA
2026-01-23,PROD-ACERO,357,CONSTRUCTORA ALFA,COMPLETADA
2026-01-23,PROD-ARENA,83,CONSTRUCTORA ALFA,COMPLETADA
2026-01-23,PROD-ARENA,83,RETAIL OMEGA,COMPLETADA
2026-01-23,PROD-ARENA,83,CONSTRUCTORA ALFA,COMPLETADA
2026-01-24,PROD-CEMENTO,77,RETAIL OMEGA,COMPLETADA
2026-01-24,PROD-CEMENTO,77,CONSTRUCTORA BETA,COMPLETADA
2026-01-24,PROD-CEMENTO,77,INDEPENDIENTE,COMPLETADA
2026-01-24,PROD-LADRILLO,368,CONSTRUCTORA BETA,COMPLETADA
2026-01-24,PROD-ACERO,312,RETAIL OMEGA,COMPLETADA
2026-01-24,PROD-ARENA,0,CONSTRUCTORA BETA,CANCELADA_SIN_STOCK
2026-01-25,PROD-CEMENTO,0,INDEPENDIENTE,CANCELADA_SIN_STOCK
2026-01-25,PROD-LADRILLO,268,CONSTRUCTORA BETA,COMPLETADA
2026-01-25,PROD-ACERO,315,INDEPENDIENTE,COMPLETADA
2026-01-25,PROD-ARENA,0,CONSTRUCTORA BETA,CANCELADA_SIN_STOCK
2026-01-26,PROD-CEMENTO,155,INDEPENDIENTE,COMPLETADA
2026-01-26,PROD-CEMENTO,155,RETAIL OMEGA,COMPLETADA
2026-01-26,PROD-LADRILLO,110,CONSTRUCTORA ALFA,COMPLETADA
2026-01-26,PROD-LADRILLO,110,RETAIL OMEGA,COMPLETADA
2026-01-26,PROD-LADRILLO,110,CONSTRUCTORA ALFA,COMPLETADA
2026-01-26,PROD-ACERO,98,CONSTRUCTORA BETA,COMPLETADA
2026-01-26,PROD-ACERO,98,CONSTRUCTORA BETA,COMPLETADA
2026-01-26,PROD-ACERO,98,CONSTRUCTORA BETA,COMPLETADA
2026-01-26,PROD-ARENA,393,RETAIL OMEGA,COMPLETADA
2026-01-27,PROD-CEMENTO,84,RETAIL OMEGA,COMPLETADA
2026-01-27,PROD-CEMENTO,84,RETAIL OMEGA,COMPLETADA
2026-01-27,PROD-CEMENTO,84,CONSTRUCTORA ALFA,COMPLETADA
2026-01-27,PROD-LADRILLO,127,RETAIL OMEGA,COMPLETADA
2026-01-27,PROD-LADRILLO,127,CONSTRUCTORA BETA,COMPLETADA
2026-01-27,PROD-ACERO,140,RETAIL OMEGA,COMPLETADA
2026-01-27,PROD-ACERO,140,INDEPENDIENTE,COMPLETADA
2026-01-27,PROD-ARENA,112,CONSTRUCTORA BETA,COMPLETADA
2026-01-27,PROD-ARENA,112,CONSTRUCTORA BETA,COMPLETADA
2026-01-27,PROD-ARENA,112,INDEPENDIENTE,COMPLETADA
2026-01-28,PROD-CEMENTO,0,INDEPENDIENTE,CANCELADA_SIN_STOCK
2026-01-28,PROD-LADRILLO,96,RETAIL OMEGA,COMPLETADA
2026-01-28,PROD-LADRILLO,96,CONSTRUCTORA ALFA,COMPLETADA
2026-01-28,PROD-ACERO,173,INDEPENDIENTE,COMPLETADA
2026-01-28,PROD-ARENA,0,CONSTRUCTORA ALFA,CANCELADA_SIN_STOCK
2026-01-29,PROD-CEMENTO,379,INDEPENDIENTE,COMPLETADA
2026-01-29,PROD-LADRILLO,143,CONSTRUCTORA BETA,COMPLETADA
2026-01-29,PROD-LADRILLO,143,INDEPENDIENTE,COMPLETADA
2026-01-29,PROD-LADRILLO,143,RETAIL OMEGA,COMPLETADA
2026-01-29,PROD-ACERO,112,CONSTRUCTORA BETA,COMPLETADA
2026-01-29,PROD-ACERO,112,RETAIL OMEGA,COMPLETADA
2026-01-29,PROD-ACERO,112,INDEPENDIENTE,COMPLETADA
2026-01-29,PROD-ARENA,0,CONSTRUCTORA ALFA,CANCELADA_SIN_STOCK
2026-01-30,PROD-CEMENTO,269,CONSTRUCTORA BETA,COMPLETADA
2026-01-30,PROD-LADRILLO,307,CONSTRUCTORA ALFA,COMPLETADA
2026-01-30,PROD-ACERO,0,RETAIL OMEGA,CANCELADA_SIN_STOCK
2026-01-30,PROD-ARENA,0,CONSTRUCTORA BETA,CANCELADA_SIN_STOCK
2026-01-31,PROD-CEMENTO,345,INDEPENDIENTE,COMPLETADA
2026-01-31,PROD-LADRILLO,164,INDEPENDIENTE,COMPLETADA
2026-01-31,PROD-LADRILLO,164,CONSTRUCTORA BETA,COMPLETADA
2026-01-31,PROD-ACERO,246,CONSTRUCTORA BETA,COMPLETADA
2026-01-31,PROD-ACERO,246,CONSTRUCTORA BETA,COMPLETADA
2026-01-31,PROD-ARENA,237,RETAIL OMEGA,COMPLETADA
2026-01-31,PROD-ARENA,237,CONSTRUCTORA BETA,COMPLETADA
2026-02-01,PROD-CEMENTO,0,INDEPENDIENTE,CANCELADA_SIN_STOCK
2026-02-01,PROD-LADRILLO,166,INDEPENDIENTE,COMPLETADA
2026-02-01,PROD-LADRILLO,166,CONSTRUCTORA ALFA,COMPLETADA
2026-02-01,PROD-ACERO,195,CONSTRUCTORA BETA,COMPLETADA
2026-02-01,PROD-ACERO,195,CONSTRUCTORA BETA,COMPLETADA
2026-02-01,PROD-ARENA,46,INDEPENDIENTE,COMPLETADA
2026-02-01,PROD-ARENA,46,CONSTRUCTORA BETA,COMPLETADA
2026-02-01,PROD-ARENA,46,RETAIL OMEGA,COMPLETADA
2026-02-02,PROD-CEMENTO,166,RETAIL OMEGA,COMPLETADA
2026-02-02,PROD-LADRILLO,191,INDEPENDIENTE,COMPLETADA
2026-02-02,PROD-LADRILLO,191,INDEPENDIENTE,COMPLETADA
2026-02-02,PROD-ACERO,0,RETAIL OMEGA,CANCELADA_SIN_STOCK
2026-02-02,PROD-ARENA,131,RETAIL OMEGA,COMPLETADA
2026-02-02,PROD-ARENA,131,CONSTRUCTORA BETA,COMPLETADA
2026-02-03,PROD-CEMENTO,190,CONSTRUCTORA BETA,COMPLETADA
2026-02-03,PROD-LADRILLO,165,RETAIL OMEGA,COMPLETADA
2026-02-03,PROD-LADRILLO,165,CONSTRUCTORA BETA,COMPLETADA
2026-02-03,PROD-ACERO,196,INDEPENDIENTE,COMPLETADA
2026-02-03,PROD-ACERO,196,CONSTRUCTORA ALFA,COMPLETADA
2026-02-03,PROD-ARENA,106,CONSTRUCTORA BETA,COMPLETADA
2026-02-03,PROD-ARENA,106,CONSTRUCTORA ALFA,COMPLETADA
2026-02-03,PROD-ARENA,106,RETAIL OMEGA,COMPLETADA
2026-02-04,PROD-CEMENTO,92,CONSTRUCTORA ALFA,COMPLETADA
2026-02-04,PROD-CEMENTO,92,INDEPENDIENTE,COMPLETADA
2026-02-04,PROD-CEMENTO,92,INDEPENDIENTE,COMPLETADA
2026-02-04,PROD-LADRILLO,0,RETAIL OMEGA,CANCELADA_SIN_STOCK
2026-02-04,PROD-ACERO,98,CONSTRUCTORA ALFA,COMPLETADA
2026-02-04,PROD-ACERO,98,CONSTRUCTORA ALFA,COMPLETADA
2026-02-04,PROD-ARENA,154,INDEPENDIENTE,COMPLETADA
2026-02-04,PROD-ARENA,154,INDEPENDIENTE,COMPLETADA
2026-02-05,PROD-CEMENTO,0,RETAIL OMEGA,CANCELADA_SIN_STOCK
2026-02-05,PROD-LADRILLO,97,RETAIL OMEGA,COMPLETADA
2026-02-05,PROD-LADRILLO,97,CONSTRUCTORA BETA,COMPLETADA
2026-02-05,PROD-LADRILLO,97,INDEPENDIENTE,COMPLETADA
2026-02-05,PROD-ACERO,263,CONSTRUCTORA ALFA,COMPLETADA
2026-02-05,PROD-ARENA,0,CONSTRUCTORA ALFA,CANCELADA_SIN_STOCK
2026-02-06,PROD-CEMENTO,70,INDEPENDIENTE,COMPLETADA
2026-02-06,PROD-CEMENTO,70,CONSTRUCTORA ALFA,COMPLETADA
2026-02-06,PROD-LADRILLO,170,RETAIL OMEGA,COMPLETADA
2026-02-06,PROD-LADRILLO,170,INDEPENDIENTE,COMPLETADA
2026-02-06,PROD-ACERO,340,RETAIL OMEGA,COMPLETADA
2026-02-06,PROD-ARENA,95,CONSTRUCTORA BETA,COMPLETADA
2026-02-06,PROD-ARENA,95,CONSTRUCTORA ALFA,COMPLETADA
2026-02-06,PROD-ARENA,95,RETAIL OMEGA,COMPLETADA
2026-02-07,PROD-CEMENTO,297,CONSTRUCTORA BETA,COMPLETADA
2026-02-07,PROD-LADRILLO,305,CONSTRUCTORA BETA,COMPLETADA
2026-02-07,PROD-ACERO,311,INDEPENDIENTE,COMPLETADA
2026-02-07,PROD-ARENA,119,RETAIL OMEGA,COMPLETADA
2026-02-07,PROD-ARENA,119,CONSTRUCTORA ALFA,COMPLETADA
2026-02-08,PROD-CEMENTO,129,CONSTRUCTORA ALFA,COMPLETADA
2026-02-08,PROD-CEMENTO,129,CONSTRUCTORA BETA,COMPLETADA
2026-02-08,PROD-LADRILLO,345,CONSTRUCTORA ALFA,COMPLETADA
2026-02-08,PROD-ACERO,187,RETAIL OMEGA,COMPLETADA
2026-02-08,PROD-ACERO,187,CONSTRUCTORA ALFA,COMPLETADA
2026-02-08,PROD-ARENA,426,RETAIL OMEGA,COMPLETADA
2026-02-09,PROD-CEMENTO,91,INDEPENDIENTE,COMPLETADA
2026-02-09,PROD-CEMENTO,91,CONSTRUCTORA BETA,COMPLETADA
2026-02-09,PROD-CEMENTO,91,CONSTRUCTORA BETA,COMPLETADA
2026-02-09,PROD-LADRILLO,108,CONSTRUCTORA ALFA,COMPLETADA
2026-02-09,PROD-LADRILLO,108,RETAIL OMEGA,COMPLETADA
2026-02-09,PROD-ACERO,104,RETAIL OMEGA,COMPLETADA
2026-02-09,PROD-ACERO,104,INDEPENDIENTE,COMPLETADA
2026-02-09,PROD-ACERO,104,RETAIL OMEGA,COMPLETADA
2026-02-09,PROD-ARENA,110,RETAIL OMEGA,COMPLETADA
2026-02-09,PROD-ARENA,110,INDEPENDIENTE,COMPLETADA
2026-02-09,PROD-ARENA,110,CONSTRUCTORA ALFA,COMPLETADA
2026-02-10,PROD-CEMENTO,265,INDEPENDIENTE,COMPLETADA
2026-02-10,PROD-LADRILLO,180,INDEPENDIENTE,COMPLETADA
2026-02-10,PROD-LADRILLO,180,CONSTRUCTORA BETA,COMPLETADA
2026-02-10,PROD-ACERO,86,RETAIL OMEGA,COMPLETADA
2026-02-10,PROD-ACERO,86,RETAIL OMEGA,COMPLETADA
2026-02-10,PROD-ARENA,64,INDEPENDIENTE,COMPLETADA
2026-02-10,PROD-ARENA,64,CONSTRUCTORA ALFA,COMPLETADA
2026-02-10,PROD-ARENA,64,CONSTRUCTORA BETA,COMPLETADA
2026-02-11,PROD-CEMENTO,121,CONSTRUCTORA BETA,COMPLETADA
2026-02-11,PROD-CEMENTO,121,CONSTRUCTORA ALFA,COMPLETADA
2026-02-11,PROD-CEMENTO,121,INDEPENDIENTE,COMPLETADA
2026-02-11,PROD-LADRILLO,0,RETAIL OMEGA,CANCELADA_SIN_STOCK
2026-02-11,PROD-ACERO,330,CONSTRUCTORA BETA,COMPLETADA
2026-02-11,PROD-ARENA,219,INDEPENDIENTE,COMPLETADA
2026-02-11,PROD-ARENA,219,INDEPENDIENTE,COMPLETADA
2026-02-12,PROD-CEMENTO,81,INDEPENDIENTE,COMPLETADA
2026-02-12,PROD-CEMENTO,81,INDEPENDIENTE,COMPLETADA
2026-02-12,PROD-CEMENTO,81,RETAIL OMEGA,COMPLETADA
2026-02-12,PROD-LADRILLO,79,CONSTRUCTORA BETA,COMPLETADA
2026-02-12,PROD-LADRILLO,79,CONSTRUCTORA ALFA,COMPLETADA
2026-02-12,PROD-LADRILLO,79,RETAIL OMEGA,COMPLETADA
2026-02-12,PROD-ACERO,387,CONSTRUCTORA BETA,COMPLETADA
2026-02-12,PROD-ARENA,0,RETAIL OMEGA,CANCELADA_SIN_STOCK
2026-02-13,PROD-CEMENTO,321,CONSTRUCTORA ALFA,COMPLETADA
2026-02-13,PROD-LADRILLO,0,CONSTRUCTORA BETA,CANCELADA_SIN_STOCK
2026-02-13,PROD-ACERO,186,CONSTRUCTORA ALFA,COMPLETADA
2026-02-13,PROD-ACERO,186,RETAIL OMEGA,COMPLETADA
2026-02-13,PROD-ARENA,198,INDEPENDIENTE,COMPLETADA
2026-02-13,PROD-ARENA,198,RETAIL OMEGA,COMPLETADA
2026-02-14,PROD-CEMENTO,65,CONSTRUCTORA ALFA,COMPLETADA
2026-02-14,PROD-CEMENTO,65,INDEPENDIENTE,COMPLETADA
2026-02-14,PROD-CEMENTO,65,CONSTRUCTORA ALFA,COMPLETADA
2026-02-14,PROD-LADRILLO,142,INDEPENDIENTE,COMPLETADA
2026-02-14,PROD-LADRILLO,142,CONSTRUCTORA ALFA,COMPLETADA
2026-02-14,PROD-ACERO,0,CONSTRUCTORA ALFA,CANCELADA_SIN_STOCK
2026-02-14,PROD-ARENA,369,CONSTRUCTORA BETA,COMPLETADA
2026-02-15,PROD-CEMENTO,151,CONSTRUCTORA BETA,COMPLETADA
2026-02-15,PROD-CEMENTO,151,INDEPENDIENTE,COMPLETADA
2026-02-15,PROD-CEMENTO,151,INDEPENDIENTE,COMPLETADA
2026-02-15,PROD-LADRILLO,177,CONSTRUCTORA BETA,COMPLETADA
2026-02-15,PROD-LADRILLO,177,CONSTRUCTORA BETA,COMPLETADA
2026-02-15,PROD-ACERO,132,INDEPENDIENTE,COMPLETADA
2026-02-15,PROD-ACERO,132,CONSTRUCTORA BETA,COMPLETADA
2026-02-15,PROD-ACERO,132,CONSTRUCTORA ALFA,COMPLETADA
2026-02-15,PROD-ARENA,0,INDEPENDIENTE,CANCELADA_SIN_STOCK
2026-02-16,PROD-CEMENTO,0,INDEPENDIENTE,CANCELADA_SIN_STOCK
2026-02-16,PROD-LADRILLO,103,CONSTRUCTORA BETA,COMPLETADA
2026-02-16,PROD-LADRILLO,103,CONSTRUCTORA BETA,COMPLETADA
2026-02-16,PROD-ACERO,190,INDEPENDIENTE,COMPLETADA
2026-02-16,PROD-ACERO,190,CONSTRUCTORA BETA,COMPLETADA
2026-02-16,PROD-ARENA,0,CONSTRUCTORA ALFA,CANCELADA_SIN_STOCK
2026-02-17,PROD-CEMENTO,58,CONSTRUCTORA ALFA,COMPLETADA
2026-02-17,PROD-CEMENTO,58,CONSTRUCTORA ALFA,COMPLETADA
2026-02-17,PROD-CEMENTO,58,CONSTRUCTORA ALFA,COMPLETADA
2026-02-17,PROD-LADRILLO,63,RETAIL OMEGA,COMPLETADA
2026-02-17,PROD-LADRILLO,63,CONSTRUCTORA BETA,COMPLETADA
2026-02-17,PROD-ACERO,149,INDEPENDIENTE,COMPLETADA
2026-02-17,PROD-ACERO,149,RETAIL OMEGA,COMPLETADA
2026-02-17,PROD-ARENA,177,CONSTRUCTORA BETA,COMPLETADA
2026-02-17,PROD-ARENA,177,CONSTRUCTORA BETA,COMPLETADA
2026-02-18,PROD-CEMENTO,126,CONSTRUCTORA ALFA,COMPLETADA
2026-02-18,PROD-CEMENTO,126,RETAIL OMEGA,COMPLETADA
2026-02-18,PROD-CEMENTO,126,CONSTRUCTORA BETA,COMPLETADA
2026-02-18,PROD-LADRILLO,309,CONSTRUCTORA ALFA,COMPLETADA
2026-02-18,PROD-ACERO,182,CONSTRUCTORA BETA,COMPLETADA
2026-02-18,PROD-ACERO,182,CONSTRUCTORA ALFA,COMPLETADA
2026-02-18,PROD-ARENA,164,INDEPENDIENTE,COMPLETADA
2026-02-18,PROD-ARENA,164,CONSTRUCTORA ALFA,COMPLETADA
2026-02-19,PROD-CEMENTO,111,INDEPENDIENTE,COMPLETADA
2026-02-19,PROD-CEMENTO,111,CONSTRUCTORA BETA,COMPLETADA
2026-02-19,PROD-LADRILLO,93,RETAIL OMEGA,COMPLETADA
2026-02-19,PROD-LADRILLO,93,RETAIL OMEGA,COMPLETADA
2026-02-19,PROD-LADRILLO,93,CONSTRUCTORA ALFA,COMPLETADA
2026-02-19,PROD-ACERO,147,CONSTRUCTORA ALFA,COMPLETADA
2026-02-19,PROD-ACERO,147,RETAIL OMEGA,COMPLETADA
2026-02-19,PROD-ARENA,275,INDEPENDIENTE,COMPLETADA
2026-02-20,PROD-CEMENTO,240,INDEPENDIENTE,COMPLETADA
2026-02-20,PROD-LADRILLO,119,CONSTRUCTORA BETA,COMPLETADA
2026-02-20,PROD-LADRILLO,119,INDEPENDIENTE,COMPLETADA
2026-02-20,PROD-LADRILLO,119,CONSTRUCTORA ALFA,COMPLETADA
2026-02-20,PROD-ACERO,515,CONSTRUCTORA ALFA,COMPLETADA
2026-02-20,PROD-ARENA,286,CONSTRUCTORA BETA,COMPLETADA
2026-02-21,PROD-CEMENTO,121,CONSTRUCTORA ALFA,COMPLETADA
2026-02-21,PROD-CEMENTO,121,CONSTRUCTORA ALFA,COMPLETADA
2026-02-21,PROD-CEMENTO,121,CONSTRUCTORA ALFA,COMPLETADA
2026-02-21,PROD-LADRILLO,0,CONSTRUCTORA ALFA,CANCELADA_SIN_STOCK
2026-02-21,PROD-ACERO,99,RETAIL OMEGA,COMPLETADA
2026-02-21,PROD-ACERO,99,CONSTRUCTORA ALFA,COMPLETADA
2026-02-21,PROD-ACERO,99,INDEPENDIENTE,COMPLETADA
2026-02-21,PROD-ARENA,114,CONSTRUCTORA ALFA,COMPLETADA
2026-02-21,PROD-ARENA,114,CONSTRUCTORA ALFA,COMPLETADA
2026-02-21,PROD-ARENA,114,INDEPENDIENTE,COMPLETADA
2026-02-22,PROD-CEMENTO,290,INDEPENDIENTE,COMPLETADA
2026-02-22,PROD-LADRILLO,210,CONSTRUCTORA ALFA,COMPLETADA
2026-02-22,PROD-ACERO,83,CONSTRUCTORA BETA,COMPLETADA
2026-02-22,PROD-ACERO,83,INDEPENDIENTE,COMPLETADA
2026-02-22,PROD-ACERO,83,CONSTRUCTORA ALFA,COMPLETADA
2026-02-22,PROD-ARENA,239,INDEPENDIENTE,COMPLETADA
2026-02-23,PROD-CEMENTO,293,RETAIL OMEGA,COMPLETADA
2026-02-23,PROD-LADRILLO,134,INDEPENDIENTE,COMPLETADA
2026-02-23,PROD-LADRILLO,134,RETAIL OMEGA,COMPLETADA
2026-02-23,PROD-LADRILLO,134,RETAIL OMEGA,COMPLETADA
2026-02-23,PROD-ACERO,265,CONSTRUCTORA BETA,COMPLETADA
2026-02-23,PROD-ARENA,242,RETAIL OMEGA,COMPLETADA
2026-02-24,PROD-CEMENTO,229,CONSTRUCTORA ALFA,COMPLETADA
2026-02-24,PROD-LADRILLO,187,CONSTRUCTORA BETA,COMPLETADA
2026-02-24,PROD-LADRILLO,187,CONSTRUCTORA ALFA,COMPLETADA
2026-02-24,PROD-ACERO,173,RETAIL OMEGA,COMPLETADA
2026-02-24,PROD-ACERO,173,CONSTRUCTORA BETA,COMPLETADA
2026-02-24,PROD-ARENA,71,CONSTRUCTORA ALFA,COMPLETADA
2026-02-24,PROD-ARENA,71,CONSTRUCTORA BETA,COMPLETADA
2026-02-25,PROD-CEMENTO,91,CONSTRUCTORA BETA,COMPLETADA
2026-02-25,PROD-CEMENTO,91,CONSTRUCTORA ALFA,COMPLETADA
2026-02-25,PROD-CEMENTO,91,INDEPENDIENTE,COMPLETADA
2026-02-25,PROD-LADRILLO,390,INDEPENDIENTE,COMPLETADA
2026-02-25,PROD-ACERO,117,INDEPENDIENTE,COMPLETADA
2026-02-25,PROD-ACERO,117,CONSTRUCTORA BETA,COMPLETADA
2026-02-25,PROD-ARENA,196,CONSTRUCTORA BETA,COMPLETADA
2026-02-25,PROD-ARENA,196,RETAIL OMEGA,COMPLETADA
2026-02-26,PROD-CEMENTO,324,CONSTRUCTORA ALFA,COMPLETADA
2026-02-26,PROD-LADRILLO,115,INDEPENDIENTE,COMPLETADA
2026-02-26,PROD-LADRILLO,115,INDEPENDIENTE,COMPLETADA
2026-02-26,PROD-LADRILLO,115,CONSTRUCTORA ALFA,COMPLETADA
2026-02-26,PROD-ACERO,122,CONSTRUCTORA BETA,COMPLETADA
2026-02-26,PROD-ACERO,122,RETAIL OMEGA,COMPLETADA
2026-02-26,PROD-ACERO,122,RETAIL OMEGA,COMPLETADA
2026-02-26,PROD-ARENA,372,RETAIL OMEGA,COMPLETADA
2026-02-27,PROD-CEMENTO,319,RETAIL OMEGA,COMPLETADA
2026-02-27,PROD-LADRILLO,115,RETAIL OMEGA,COMPLETADA
2026-02-27,PROD-LADRILLO,115,CONSTRUCTORA ALFA,COMPLETADA
2026-02-27,PROD-ACERO,207,CONSTRUCTORA ALFA,COMPLETADA
2026-02-27,PROD-ACERO,207,INDEPENDIENTE,COMPLETADA
2026-02-27,PROD-ARENA,150,CONSTRUCTORA BETA,COMPLETADA
2026-02-27,PROD-ARENA,150,INDEPENDIENTE,COMPLETADA
2026-02-28,PROD-CEMENTO,70,RETAIL OMEGA,COMPLETADA
2026-02-28,PROD-CEMENTO,70,CONSTRUCTORA BETA,COMPLETADA
2026-02-28,PROD-CEMENTO,70,INDEPENDIENTE,COMPLETADA
2026-02-28,PROD-LADRILLO,112,INDEPENDIENTE,COMPLETADA
2026-02-28,PROD-LADRILLO,112,CONSTRUCTORA BETA,COMPLETADA
2026-02-28,PROD-ACERO,53,CONSTRUCTORA ALFA,COMPLETADA
2026-02-28,PROD-ACERO,53,CONSTRUCTORA BETA,COMPLETADA
2026-02-28,PROD-ACERO,53,CONSTRUCTORA BETA,COMPLETADA
2026-02-28,PROD-ARENA,68,RETAIL OMEGA,COMPLETADA
2026-02-28,PROD-ARENA,68,INDEPENDIENTE,COMPLETADA
2026-02-28,PROD-ARENA,68,CONSTRUCTORA ALFA,COMPLETADA
2026-03-01,PROD-CEMENTO,122,INDEPENDIENTE,COMPLETADA
2026-03-01,PROD-CEMENTO,122,CONSTRUCTORA BETA,COMPLETADA
2026-03-01,PROD-LADRILLO,305,RETAIL OMEGA,COMPLETADA
2026-03-01,PROD-ACERO,0,INDEPENDIENTE,CANCELADA_SIN_STOCK
2026-03-01,PROD-ARENA,125,INDEPENDIENTE,COMPLETADA
2026-03-01,PROD-ARENA,125,CONSTRUCTORA ALFA,COMPLETADA
2026-03-01,PROD-ARENA,125,INDEPENDIENTE,COMPLETADA
2026-03-02,PROD-CEMENTO,0,RETAIL OMEGA,CANCELADA_SIN_STOCK
2026-03-02,PROD-LADRILLO,95,RETAIL OMEGA,COMPLETADA
2026-03-02,PROD-LADRILLO,95,RETAIL OMEGA,COMPLETADA
2026-03-02,PROD-LADRILLO,95,CONSTRUCTORA ALFA,COMPLETADA
2026-03-02,PROD-ACERO,149,RETAIL OMEGA,COMPLETADA
2026-03-02,PROD-ACERO,149,RETAIL OMEGA,COMPLETADA
2026-03-02,PROD-ACERO,149,CONSTRUCTORA BETA,COMPLETADA
2026-03-02,PROD-ARENA,370,CONSTRUCTORA ALFA,COMPLETADA
2026-03-03,PROD-CEMENTO,434,CONSTRUCTORA BETA,COMPLETADA
2026-03-03,PROD-LADRILLO,96,CONSTRUCTORA BETA,COMPLETADA
2026-03-03,PROD-LADRILLO,96,CONSTRUCTORA BETA,COMPLETADA
2026-03-03,PROD-LADRILLO,96,RETAIL OMEGA,COMPLETADA
2026-03-03,PROD-ACERO,37,INDEPENDIENTE,COMPLETADA
2026-03-03,PROD-ACERO,37,CONSTRUCTORA ALFA,COMPLETADA
2026-03-03,PROD-ARENA,155,RETAIL OMEGA,COMPLETADA
2026-03-03,PROD-ARENA,155,CONSTRUCTORA ALFA,COMPLETADA
2026-03-04,PROD-CEMENTO,90,INDEPENDIENTE,COMPLETADA
2026-03-04,PROD-CEMENTO,90,INDEPENDIENTE,COMPLETADA
2026-03-04,PROD-CEMENTO,90,CONSTRUCTORA ALFA,COMPLETADA
2026-03-04,PROD-LADRILLO,76,INDEPENDIENTE,COMPLETADA
2026-03-04,PROD-LADRILLO,76,CONSTRUCTORA BETA,COMPLETADA
2026-03-04,PROD-LADRILLO,76,INDEPENDIENTE,COMPLETADA
2026-03-04,PROD-ACERO,145,CONSTRUCTORA BETA,COMPLETADA
2026-03-04,PROD-ARENA,0,INDEPENDIENTE,CANCELADA_SIN_STOCK
2026-03-05,PROD-CEMENTO,0,CONSTRUCTORA BETA,CANCELADA_SIN_STOCK
2026-03-05,PROD-LADRILLO,69,RETAIL OMEGA,COMPLETADA
2026-03-05,PROD-LADRILLO,69,CONSTRUCTORA BETA,COMPLETADA
2026-03-05,PROD-LADRILLO,69,RETAIL OMEGA,COMPLETADA
2026-03-05,PROD-ACERO,145,INDEPENDIENTE,COMPLETADA
2026-03-05,PROD-ACERO,145,RETAIL OMEGA,COMPLETADA
2026-03-05,PROD-ACERO,145,CONSTRUCTORA ALFA,COMPLETADA
2026-03-05,PROD-ARENA,0,INDEPENDIENTE,CANCELADA_SIN_STOCK
2026-03-06,PROD-CEMENTO,199,INDEPENDIENTE,COMPLETADA
2026-03-06,PROD-LADRILLO,289,CONSTRUCTORA ALFA,COMPLETADA
2026-03-06,PROD-ACERO,0,CONSTRUCTORA ALFA,CANCELADA_SIN_STOCK
2026-03-06,PROD-ARENA,264,CONSTRUCTORA ALFA,COMPLETADA
2026-03-07,PROD-CEMENTO,188,RETAIL OMEGA,COMPLETADA
2026-03-07,PROD-LADRILLO,153,CONSTRUCTORA ALFA,COMPLETADA
2026-03-07,PROD-LADRILLO,153,CONSTRUCTORA BETA,COMPLETADA
2026-03-07,PROD-ACERO,153,CONSTRUCTORA ALFA,COMPLETADA
2026-03-07,PROD-ACERO,153,RETAIL OMEGA,COMPLETADA
2026-03-07,PROD-ACERO,153,CONSTRUCTORA BETA,COMPLETADA
2026-03-07,PROD-ARENA,158,RETAIL OMEGA,COMPLETADA
2026-03-07,PROD-ARENA,158,INDEPENDIENTE,COMPLETADA
2026-03-08,PROD-CEMENTO,148,RETAIL OMEGA,COMPLETADA
2026-03-08,PROD-CEMENTO,148,INDEPENDIENTE,COMPLETADA
2026-03-08,PROD-LADRILLO,102,CONSTRUCTORA BETA,COMPLETADA
2026-03-08,PROD-LADRILLO,102,INDEPENDIENTE,COMPLETADA
2026-03-08,PROD-LADRILLO,102,INDEPENDIENTE,COMPLETADA
2026-03-08,PROD-ACERO,175,CONSTRUCTORA ALFA,COMPLETADA
2026-03-08,PROD-ACERO,175,RETAIL OMEGA,COMPLETADA
2026-03-08,PROD-ARENA,244,CONSTRUCTORA BETA,COMPLETADA
2026-03-09,PROD-CEMENTO,79,CONSTRUCTORA BETA,COMPLETADA
2026-03-09,PROD-CEMENTO,79,RETAIL OMEGA,COMPLETADA
2026-03-09,PROD-CEMENTO,79,RETAIL OMEGA,COMPLETADA
2026-03-09,PROD-LADRILLO,259,INDEPENDIENTE,COMPLETADA
2026-03-09,PROD-ACERO,94,INDEPENDIENTE,COMPLETADA
2026-03-09,PROD-ACERO,94,CONSTRUCTORA BETA,COMPLETADA
2026-03-09,PROD-ARENA,117,CONSTRUCTORA ALFA,COMPLETADA
2026-03-09,PROD-ARENA,117,RETAIL OMEGA,COMPLETADA
2026-03-09,PROD-ARENA,117,RETAIL OMEGA,COMPLETADA
2026-03-10,PROD-CEMENTO,86,CONSTRUCTORA ALFA,COMPLETADA
2026-03-10,PROD-CEMENTO,86,INDEPENDIENTE,COMPLETADA
2026-03-10,PROD-CEMENTO,86,CONSTRUCTORA BETA,COMPLETADA
2026-03-10,PROD-LADRILLO,412,RETAIL OMEGA,COMPLETADA
2026-03-10,PROD-ACERO,125,CONSTRUCTORA BETA,COMPLETADA
2026-03-10,PROD-ACERO,125,RETAIL OMEGA,COMPLETADA
2026-03-10,PROD-ARENA,238,INDEPENDIENTE,COMPLETADA
2026-03-11,PROD-CEMENTO,347,INDEPENDIENTE,COMPLETADA
2026-03-11,PROD-LADRILLO,88,CONSTRUCTORA BETA,COMPLETADA
2026-03-11,PROD-LADRILLO,88,RETAIL OMEGA,COMPLETADA
2026-03-11,PROD-LADRILLO,88,INDEPENDIENTE,COMPLETADA
2026-03-11,PROD-ACERO,60,CONSTRUCTORA BETA,COMPLETADA
2026-03-11,PROD-ACERO,60,INDEPENDIENTE,COMPLETADA
2026-03-11,PROD-ARENA,89,RETAIL OMEGA,COMPLETADA
2026-03-11,PROD-ARENA,89,CONSTRUCTORA BETA,COMPLETADA
2026-03-11,PROD-ARENA,89,CONSTRUCTORA BETA,COMPLETADA
2026-03-12,PROD-CEMENTO,170,INDEPENDIENTE,COMPLETADA
2026-03-12,PROD-LADRILLO,310,INDEPENDIENTE,COMPLETADA
2026-03-12,PROD-ACERO,0,INDEPENDIENTE,CANCELADA_SIN_STOCK
2026-03-12,PROD-ARENA,0,RETAIL OMEGA,CANCELADA_SIN_STOCK
2026-03-13,PROD-CEMENTO,134,RETAIL OMEGA,COMPLETADA
2026-03-13,PROD-CEMENTO,134,RETAIL OMEGA,COMPLETADA
2026-03-13,PROD-LADRILLO,0,CONSTRUCTORA ALFA,CANCELADA_SIN_STOCK
2026-03-13,PROD-ACERO,105,CONSTRUCTORA ALFA,COMPLETADA
2026-03-13,PROD-ACERO,105,RETAIL OMEGA,COMPLETADA
2026-03-13,PROD-ACERO,105,INDEPENDIENTE,COMPLETADA
2026-03-13,PROD-ARENA,93,RETAIL OMEGA,COMPLETADA
2026-03-13,PROD-ARENA,93,RETAIL OMEGA,COMPLETADA
2026-03-13,PROD-ARENA,93,RETAIL OMEGA,COMPLETADA
2026-03-14,PROD-CEMENTO,126,RETAIL OMEGA,COMPLETADA
2026-03-14,PROD-CEMENTO,126,RETAIL OMEGA,COMPLETADA
2026-03-14,PROD-LADRILLO,112,CONSTRUCTORA BETA,COMPLETADA
2026-03-14,PROD-LADRILLO,112,CONSTRUCTORA BETA,COMPLETADA
2026-03-14,PROD-ACERO,120,CONSTRUCTORA BETA,COMPLETADA
2026-03-14,PROD-ACERO,120,RETAIL OMEGA,COMPLETADA
2026-03-14,PROD-ACERO,120,CONSTRUCTORA ALFA,COMPLETADA
2026-03-14,PROD-ARENA,104,INDEPENDIENTE,COMPLETADA
2026-03-14,PROD-ARENA,104,RETAIL OMEGA,COMPLETADA
2026-03-14,PROD-ARENA,104,CONSTRUCTORA ALFA,COMPLETADA
2026-03-15,PROD-CEMENTO,447,CONSTRUCTORA BETA,COMPLETADA
2026-03-15,PROD-LADRILLO,0,INDEPENDIENTE,CANCELADA_SIN_STOCK
2026-03-15,PROD-ACERO,76,INDEPENDIENTE,COMPLETADA
2026-03-15,PROD-ACERO,76,INDEPENDIENTE,COMPLETADA
2026-03-15,PROD-ACERO,76,INDEPENDIENTE,COMPLETADA
2026-03-15,PROD-ARENA,66,RETAIL OMEGA,COMPLETADA
2026-03-15,PROD-ARENA,66,RETAIL OMEGA,COMPLETADA
2026-03-15,PROD-ARENA,66,INDEPENDIENTE,COMPLETADA
2026-03-16,PROD-CEMENTO,392,RETAIL OMEGA,COMPLETADA
2026-03-16,PROD-LADRILLO,145,CONSTRUCTORA ALFA,COMPLETADA
2026-03-16,PROD-LADRILLO,145,CONSTRUCTORA BETA,COMPLETADA
2026-03-16,PROD-LADRILLO,145,INDEPENDIENTE,COMPLETADA
2026-03-16,PROD-ACERO,145,INDEPENDIENTE,COMPLETADA
2026-03-16,PROD-ACERO,145,CONSTRUCTORA ALFA,COMPLETADA
2026-03-16,PROD-ARENA,350,RETAIL OMEGA,COMPLETADA
2026-03-17,PROD-CEMENTO,302,RETAIL OMEGA,COMPLETADA
2026-03-17,PROD-LADRILLO,344,CONSTRUCTORA ALFA,COMPLETADA
2026-03-17,PROD-ACERO,282,CONSTRUCTORA ALFA,COMPLETADA
2026-03-17,PROD-ARENA,67,RETAIL OMEGA,COMPLETADA
2026-03-17,PROD-ARENA,67,INDEPENDIENTE,COMPLETADA
2026-03-18,PROD-CEMENTO,183,CONSTRUCTORA BETA,COMPLETADA
2026-03-18,PROD-LADRILLO,0,RETAIL OMEGA,CANCELADA_SIN_STOCK
2026-03-18,PROD-ACERO,156,INDEPENDIENTE,COMPLETADA
2026-03-18,PROD-ARENA,285,CONSTRUCTORA ALFA,COMPLETADA
2026-03-19,PROD-CEMENTO,78,CONSTRUCTORA ALFA,COMPLETADA
2026-03-19,PROD-CEMENTO,78,RETAIL OMEGA,COMPLETADA
2026-03-19,PROD-CEMENTO,78,CONSTRUCTORA ALFA,COMPLETADA
2026-03-19,PROD-LADRILLO,126,CONSTRUCTORA ALFA,COMPLETADA
2026-03-19,PROD-LADRILLO,126,CONSTRUCTORA ALFA,COMPLETADA
2026-03-19,PROD-ACERO,327,CONSTRUCTORA ALFA,COMPLETADA
2026-03-19,PROD-ARENA,128,CONSTRUCTORA ALFA,COMPLETADA
2026-03-19,PROD-ARENA,128,INDEPENDIENTE,COMPLETADA
2026-03-20,PROD-CEMENTO,173,CONSTRUCTORA ALFA,COMPLETADA
2026-03-20,PROD-CEMENTO,173,RETAIL OMEGA,COMPLETADA
2026-03-20,PROD-LADRILLO,234,CONSTRUCTORA ALFA,COMPLETADA
2026-03-20,PROD-ACERO,78,CONSTRUCTORA ALFA,COMPLETADA
2026-03-20,PROD-ACERO,78,CONSTRUCTORA ALFA,COMPLETADA
2026-03-20,PROD-ACERO,78,CONSTRUCTORA BETA,COMPLETADA
2026-03-20,PROD-ARENA,100,CONSTRUCTORA BETA,COMPLETADA
2026-03-20,PROD-ARENA,100,CONSTRUCTORA ALFA,COMPLETADA
2026-03-20,PROD-ARENA,100,CONSTRUCTORA ALFA,COMPLETADA
2026-03-21,PROD-CEMENTO,107,CONSTRUCTORA ALFA,COMPLETADA
2026-03-21,PROD-CEMENTO,107,CONSTRUCTORA BETA,COMPLETADA
2026-03-21,PROD-LADRILLO,452,RETAIL OMEGA,COMPLETADA
2026-03-21,PROD-ACERO,358,CONSTRUCTORA BETA,COMPLETADA
2026-03-21,PROD-ARENA,442,RETAIL OMEGA,COMPLETADA
2026-03-22,PROD-CEMENTO,192,INDEPENDIENTE,COMPLETADA
2026-03-22,PROD-CEMENTO,192,RETAIL OMEGA,COMPLETADA
2026-03-22,PROD-LADRILLO,112,INDEPENDIENTE,COMPLETADA
2026-03-22,PROD-LADRILLO,112,INDEPENDIENTE,COMPLETADA
2026-03-22,PROD-LADRILLO,112,CONSTRUCTORA BETA,COMPLETADA
2026-03-22,PROD-ACERO,90,CONSTRUCTORA BETA,COMPLETADA
2026-03-22,PROD-ACERO,90,INDEPENDIENTE,COMPLETADA
2026-03-22,PROD-ACERO,90,INDEPENDIENTE,COMPLETADA
2026-03-22,PROD-ARENA,132,INDEPENDIENTE,COMPLETADA
2026-03-22,PROD-ARENA,132,CONSTRUCTORA BETA,COMPLETADA
2026-03-23,PROD-CEMENTO,94,CONSTRUCTORA ALFA,COMPLETADA
2026-03-23,PROD-CEMENTO,94,CONSTRUCTORA ALFA,COMPLETADA
2026-03-23,PROD-CEMENTO,94,CONSTRUCTORA BETA,COMPLETADA
2026-03-23,PROD-LADRILLO,154,CONSTRUCTORA ALFA,COMPLETADA
2026-03-23,PROD-LADRILLO,154,RETAIL OMEGA,COMPLETADA
2026-03-23,PROD-ACERO,69,RETAIL OMEGA,COMPLETADA
2026-03-23,PROD-ACERO,69,RETAIL OMEGA,COMPLETADA
2026-03-23,PROD-ACERO,69,CONSTRUCTORA ALFA,COMPLETADA
2026-03-23,PROD-ARENA,135,RETAIL OMEGA,COMPLETADA
2026-03-23,PROD-ARENA,135,CONSTRUCTORA ALFA,COMPLETADA
2026-03-24,PROD-CEMENTO,276,CONSTRUCTORA BETA,COMPLETADA
2026-03-24,PROD-LADRILLO,202,CONSTRUCTORA ALFA,COMPLETADA
2026-03-24,PROD-ACERO,0,RETAIL OMEGA,CANCELADA_SIN_STOCK
2026-03-24,PROD-ARENA,77,CONSTRUCTORA ALFA,COMPLETADA
2026-03-24,PROD-ARENA,77,RETAIL OMEGA,COMPLETADA
2026-03-25,PROD-CEMENTO,87,CONSTRUCTORA BETA,COMPLETADA
2026-03-25,PROD-CEMENTO,87,CONSTRUCTORA ALFA,COMPLETADA
2026-03-25,PROD-CEMENTO,87,CONSTRUCTORA ALFA,COMPLETADA
2026-03-25,PROD-LADRILLO,119,INDEPENDIENTE,COMPLETADA
2026-03-25,PROD-LADRILLO,119,CONSTRUCTORA ALFA,COMPLETADA
2026-03-25,PROD-LADRILLO,119,RETAIL OMEGA,COMPLETADA
2026-03-25,PROD-ACERO,345,RETAIL OMEGA,COMPLETADA
2026-03-25,PROD-ARENA,152,CONSTRUCTORA ALFA,COMPLETADA
2026-03-25,PROD-ARENA,152,RETAIL OMEGA,COMPLETADA
2026-03-25,PROD-ARENA,152,CONSTRUCTORA ALFA,COMPLETADA
2026-03-26,PROD-CEMENTO,0,CONSTRUCTORA ALFA,CANCELADA_SIN_STOCK
2026-03-26,PROD-LADRILLO,424,RETAIL OMEGA,COMPLETADA
2026-03-26,PROD-ACERO,268,CONSTRUCTORA ALFA,COMPLETADA
2026-03-26,PROD-ARENA,297,RETAIL OMEGA,COMPLETADA
2026-03-27,PROD-CEMENTO,165,RETAIL OMEGA,COMPLETADA
2026-03-27,PROD-CEMENTO,165,RETAIL OMEGA,COMPLETADA
2026-03-27,PROD-LADRILLO,82,RETAIL OMEGA,COMPLETADA
2026-03-27,PROD-LADRILLO,82,RETAIL OMEGA,COMPLETADA
2026-03-27,PROD-LADRILLO,82,RETAIL OMEGA,COMPLETADA
2026-03-27,PROD-ACERO,116,RETAIL OMEGA,COMPLETADA
2026-03-27,PROD-ACERO,116,CONSTRUCTORA BETA,COMPLETADA
2026-03-27,PROD-ARENA,435,RETAIL OMEGA,COMPLETADA
2026-03-28,PROD-CEMENTO,94,RETAIL OMEGA,COMPLETADA
2026-03-28,PROD-CEMENTO,94,CONSTRUCTORA BETA,COMPLETADA
2026-03-28,PROD-CEMENTO,94,RETAIL OMEGA,COMPLETADA
2026-03-28,PROD-LADRILLO,105,INDEPENDIENTE,COMPLETADA
2026-03-28,PROD-LADRILLO,105,CONSTRUCTORA BETA,COMPLETADA
2026-03-28,PROD-LADRILLO,105,INDEPENDIENTE,COMPLETADA
2026-03-28,PROD-ACERO,168,CONSTRUCTORA ALFA,COMPLETADA
2026-03-28,PROD-ACERO,168,INDEPENDIENTE,COMPLETADA
2026-03-28,PROD-ARENA,103,CONSTRUCTORA BETA,COMPLETADA
2026-03-28,PROD-ARENA,103,INDEPENDIENTE,COMPLETADA
2026-03-28,PROD-ARENA,103,CONSTRUCTORA BETA,COMPLETADA
2026-03-29,PROD-CEMENTO,113,CONSTRUCTORA ALFA,COMPLETADA
2026-03-29,PROD-CEMENTO,113,CONSTRUCTORA ALFA,COMPLETADA
2026-03-29,PROD-CEMENTO,113,INDEPENDIENTE,COMPLETADA
2026-03-29,PROD-LADRILLO,112,CONSTRUCTORA BETA,COMPLETADA
2026-03-29,PROD-LADRILLO,112,RETAIL OMEGA,COMPLETADA
2026-03-29,PROD-LADRILLO,112,INDEPENDIENTE,COMPLETADA
2026-03-29,PROD-ACERO,189,RETAIL OMEGA,COMPLETADA
2026-03-29,PROD-ACERO,189,CONSTRUCTORA BETA,COMPLETADA
2026-03-29,PROD-ARENA,362,INDEPENDIENTE,COMPLETADA
2026-03-30,PROD-CEMENTO,0,RETAIL OMEGA,CANCELADA_SIN_STOCK
2026-03-30,PROD-LADRILLO,141,CONSTRUCTORA BETA,COMPLETADA
2026-03-30,PROD-LADRILLO,141,INDEPENDIENTE,COMPLETADA
2026-03-30,PROD-ACERO,119,RETAIL OMEGA,COMPLETADA
2026-03-30,PROD-ACERO,119,RETAIL OMEGA,COMPLETADA
2026-03-30,PROD-ARENA,178,CONSTRUCTORA ALFA,COMPLETADA
2026-03-30,PROD-ARENA,178,RETAIL OMEGA,COMPLETADA
2026-03-31,PROD-CEMENTO,200,CONSTRUCTORA ALFA,COMPLETADA
2026-03-31,PROD-LADRILLO,261,RETAIL OMEGA,COMPLETADA
2026-03-31,PROD-ACERO,98,INDEPENDIENTE,COMPLETADA
2026-03-31,PROD-ACERO,98,INDEPENDIENTE,COMPLETADA
2026-03-31,PROD-ARENA,222,INDEPENDIENTE,COMPLETADA
2026-04-01,PROD-CEMENTO,104,INDEPENDIENTE,COMPLETADA
2026-04-01,PROD-CEMENTO,104,CONSTRUCTORA BETA,COMPLETADA
2026-04-01,PROD-CEMENTO,104,INDEPENDIENTE,COMPLETADA
2026-04-01,PROD-LADRILLO,89,RETAIL OMEGA,COMPLETADA
2026-04-01,PROD-LADRILLO,89,CONSTRUCTORA ALFA,COMPLETADA
2026-04-01,PROD-LADRILLO,89,INDEPENDIENTE,COMPLETADA
2026-04-01,PROD-ACERO,187,CONSTRUCTORA ALFA,COMPLETADA
2026-04-01,PROD-ACERO,187,RETAIL OMEGA,COMPLETADA
2026-04-01,PROD-ARENA,265,INDEPENDIENTE,COMPLETADA
2026-04-02,PROD-CEMENTO,237,RETAIL OMEGA,COMPLETADA
2026-04-02,PROD-LADRILLO,312,RETAIL OMEGA,COMPLETADA
2026-04-02,PROD-ACERO,291,CONSTRUCTORA BETA,COMPLETADA
2026-04-02,PROD-ARENA,0,CONSTRUCTORA ALFA,CANCELADA_SIN_STOCK
2026-04-03,PROD-CEMENTO,124,CONSTRUCTORA ALFA,COMPLETADA
2026-04-03,PROD-CEMENTO,124,CONSTRUCTORA ALFA,COMPLETADA
2026-04-03,PROD-CEMENTO,124,RETAIL OMEGA,COMPLETADA
2026-04-03,PROD-LADRILLO,315,CONSTRUCTORA ALFA,COMPLETADA
2026-04-03,PROD-ACERO,222,RETAIL OMEGA,COMPLETADA
2026-04-03,PROD-ARENA,202,INDEPENDIENTE,COMPLETADA
2026-04-04,PROD-CEMENTO,64,CONSTRUCTORA BETA,COMPLETADA
2026-04-04,PROD-CEMENTO,64,INDEPENDIENTE,COMPLETADA
2026-04-04,PROD-CEMENTO,64,CONSTRUCTORA ALFA,COMPLETADA
2026-04-04,PROD-LADRILLO,293,RETAIL OMEGA,COMPLETADA
2026-04-04,PROD-ACERO,133,RETAIL OMEGA,COMPLETADA
2026-04-04,PROD-ACERO,133,INDEPENDIENTE,COMPLETADA
2026-04-04,PROD-ARENA,136,CONSTRUCTORA ALFA,COMPLETADA
2026-04-04,PROD-ARENA,136,INDEPENDIENTE,COMPLETADA
2026-04-05,PROD-CEMENTO,0,RETAIL OMEGA,CANCELADA_SIN_STOCK
2026-04-05,PROD-LADRILLO,115,CONSTRUCTORA ALFA,COMPLETADA
2026-04-05,PROD-LADRILLO,115,CONSTRUCTORA BETA,COMPLETADA
2026-04-05,PROD-LADRILLO,115,CONSTRUCTORA BETA,COMPLETADA
2026-04-05,PROD-ACERO,306,RETAIL OMEGA,COMPLETADA
2026-04-05,PROD-ARENA,362,RETAIL OMEGA,COMPLETADA
2026-04-06,PROD-CEMENTO,86,INDEPENDIENTE,COMPLETADA
2026-04-06,PROD-CEMENTO,86,INDEPENDIENTE,COMPLETADA
2026-04-06,PROD-CEMENTO,86,RETAIL OMEGA,COMPLETADA
2026-04-06,PROD-LADRILLO,155,CONSTRUCTORA ALFA,COMPLETADA
2026-04-06,PROD-LADRILLO,155,CONSTRUCTORA BETA,COMPLETADA
2026-04-06,PROD-ACERO,241,RETAIL OMEGA,COMPLETADA
2026-04-06,PROD-ARENA,60,CONSTRUCTORA ALFA,COMPLETADA
2026-04-06,PROD-ARENA,60,INDEPENDIENTE,COMPLETADA
2026-04-06,PROD-ARENA,60,CONSTRUCTORA ALFA,COMPLETADA
2026-04-07,PROD-CEMENTO,319,CONSTRUCTORA BETA,COMPLETADA
2026-04-07,PROD-LADRILLO,172,CONSTRUCTORA BETA,COMPLETADA
2026-04-07,PROD-LADRILLO,172,INDEPENDIENTE,COMPLETADA
2026-04-07,PROD-ACERO,132,INDEPENDIENTE,COMPLETADA
2026-04-07,PROD-ACERO,132,CONSTRUCTORA ALFA,COMPLETADA
2026-04-07,PROD-ARENA,111,INDEPENDIENTE,COMPLETADA
2026-04-07,PROD-ARENA,111,INDEPENDIENTE,COMPLETADA
2026-04-07,PROD-ARENA,111,CONSTRUCTORA BETA,COMPLETADA
2026-04-08,PROD-CEMENTO,252,CONSTRUCTORA BETA,COMPLETADA
2026-04-08,PROD-LADRILLO,224,INDEPENDIENTE,COMPLETADA
2026-04-08,PROD-ACERO,218,CONSTRUCTORA ALFA,COMPLETADA
2026-04-08,PROD-ARENA,76,RETAIL OMEGA,COMPLETADA
2026-04-08,PROD-ARENA,76,CONSTRUCTORA ALFA,COMPLETADA
2026-04-08,PROD-ARENA,76,CONSTRUCTORA BETA,COMPLETADA
2026-04-09,PROD-CEMENTO,0,CONSTRUCTORA BETA,CANCELADA_SIN_STOCK
2026-04-09,PROD-LADRILLO,0,CONSTRUCTORA ALFA,CANCELADA_SIN_STOCK
2026-04-09,PROD-ACERO,157,CONSTRUCTORA ALFA,COMPLETADA
2026-04-09,PROD-ACERO,157,CONSTRUCTORA BETA,COMPLETADA
2026-04-09,PROD-ARENA,0,CONSTRUCTORA BETA,CANCELADA_SIN_STOCK
2026-04-10,PROD-CEMENTO,49,CONSTRUCTORA BETA,COMPLETADA
2026-04-10,PROD-CEMENTO,49,RETAIL OMEGA,COMPLETADA
2026-04-10,PROD-CEMENTO,49,CONSTRUCTORA BETA,COMPLETADA
2026-04-10,PROD-LADRILLO,296,CONSTRUCTORA ALFA,COMPLETADA
2026-04-10,PROD-ACERO,164,CONSTRUCTORA ALFA,COMPLETADA
2026-04-10,PROD-ACERO,164,INDEPENDIENTE,COMPLETADA
2026-04-10,PROD-ARENA,148,CONSTRUCTORA BETA,COMPLETADA
2026-04-10,PROD-ARENA,148,CONSTRUCTORA ALFA,COMPLETADA
2026-04-11,PROD-CEMENTO,97,CONSTRUCTORA BETA,COMPLETADA
2026-04-11,PROD-CEMENTO,97,CONSTRUCTORA BETA,COMPLETADA
2026-04-11,PROD-CEMENTO,97,CONSTRUCTORA BETA,COMPLETADA
2026-04-11,PROD-LADRILLO,253,CONSTRUCTORA BETA,COMPLETADA
2026-04-11,PROD-ACERO,96,INDEPENDIENTE,COMPLETADA
2026-04-11,PROD-ACERO,96,CONSTRUCTORA ALFA,COMPLETADA
2026-04-11,PROD-ACERO,96,CONSTRUCTORA BETA,COMPLETADA
2026-04-11,PROD-ARENA,122,RETAIL OMEGA,COMPLETADA
2026-04-11,PROD-ARENA,122,CONSTRUCTORA ALFA,COMPLETADA
2026-04-11,PROD-ARENA,122,RETAIL OMEGA,COMPLETADA
2026-04-12,PROD-CEMENTO,333,CONSTRUCTORA ALFA,COMPLETADA
2026-04-12,PROD-LADRILLO,0,INDEPENDIENTE,CANCELADA_SIN_STOCK
2026-04-12,PROD-ACERO,99,INDEPENDIENTE,COMPLETADA
2026-04-12,PROD-ACERO,99,INDEPENDIENTE,COMPLETADA
2026-04-12,PROD-ARENA,107,CONSTRUCTORA ALFA,COMPLETADA
2026-04-12,PROD-ARENA,107,CONSTRUCTORA ALFA,COMPLETADA
2026-04-12,PROD-ARENA,107,RETAIL OMEGA,COMPLETADA
2026-04-13,PROD-CEMENTO,349,RETAIL OMEGA,COMPLETADA
2026-04-13,PROD-LADRILLO,83,CONSTRUCTORA ALFA,COMPLETADA
2026-04-13,PROD-LADRILLO,83,RETAIL OMEGA,COMPLETADA
2026-04-13,PROD-LADRILLO,83,RETAIL OMEGA,COMPLETADA
2026-04-13,PROD-ACERO,146,CONSTRUCTORA BETA,COMPLETADA
2026-04-13,PROD-ARENA,359,CONSTRUCTORA BETA,COMPLETADA
2026-04-14,PROD-CEMENTO,458,RETAIL OMEGA,COMPLETADA
2026-04-14,PROD-LADRILLO,104,RETAIL OMEGA,COMPLETADA
2026-04-14,PROD-LADRILLO,104,RETAIL OMEGA,COMPLETADA
2026-04-14,PROD-LADRILLO,104,CONSTRUCTORA BETA,COMPLETADA
2026-04-14,PROD-ACERO,89,CONSTRUCTORA BETA,COMPLETADA
2026-04-14,PROD-ACERO,89,INDEPENDIENTE,COMPLETADA
2026-04-14,PROD-ACERO,89,CONSTRUCTORA ALFA,COMPLETADA
2026-04-14,PROD-ARENA,108,INDEPENDIENTE,COMPLETADA
2026-04-14,PROD-ARENA,108,CONSTRUCTORA BETA,COMPLETADA
2026-04-15,PROD-CEMENTO,0,CONSTRUCTORA BETA,CANCELADA_SIN_STOCK
2026-04-15,PROD-LADRILLO,105,INDEPENDIENTE,COMPLETADA
2026-04-15,PROD-LADRILLO,105,RETAIL OMEGA,COMPLETADA
2026-04-15,PROD-LADRILLO,105,CONSTRUCTORA ALFA,COMPLETADA
2026-04-15,PROD-ACERO,132,CONSTRUCTORA BETA,COMPLETADA
2026-04-15,PROD-ACERO,132,CONSTRUCTORA ALFA,COMPLETADA
2026-04-15,PROD-ACERO,132,CONSTRUCTORA ALFA,COMPLETADA
2026-04-15,PROD-ARENA,55,CONSTRUCTORA BETA,COMPLETADA
2026-04-15,PROD-ARENA,55,CONSTRUCTORA ALFA,COMPLETADA
2026-04-15,PROD-ARENA,55,CONSTRUCTORA BETA,COMPLETADA
2026-04-16,PROD-CEMENTO,310,CONSTRUCTORA ALFA,COMPLETADA
2026-04-16,PROD-LADRILLO,72,INDEPENDIENTE,COMPLETADA
2026-04-16,PROD-LADRILLO,72,RETAIL OMEGA,COMPLETADA
2026-04-16,PROD-LADRILLO,72,CONSTRUCTORA BETA,COMPLETADA
2026-04-16,PROD-ACERO,365,RETAIL OMEGA,COMPLETADA
2026-04-16,PROD-ARENA,113,INDEPENDIENTE,COMPLETADA
2026-04-16,PROD-ARENA,113,RETAIL OMEGA,COMPLETADA
2026-04-17,PROD-CEMENTO,262,CONSTRUCTORA BETA,COMPLETADA
2026-04-17,PROD-LADRILLO,159,CONSTRUCTORA BETA,COMPLETADA
2026-04-17,PROD-LADRILLO,159,INDEPENDIENTE,COMPLETADA
2026-04-17,PROD-ACERO,206,CONSTRUCTORA BETA,COMPLETADA
2026-04-17,PROD-ACERO,206,CONSTRUCTORA ALFA,COMPLETADA
2026-04-17,PROD-ARENA,339,CONSTRUCTORA ALFA,COMPLETADA
2026-04-18,PROD-CEMENTO,0,RETAIL OMEGA,CANCELADA_SIN_STOCK
2026-04-18,PROD-LADRILLO,142,INDEPENDIENTE,COMPLETADA
2026-04-18,PROD-LADRILLO,142,RETAIL OMEGA,COMPLETADA
2026-04-18,PROD-ACERO,147,RETAIL OMEGA,COMPLETADA
2026-04-18,PROD-ACERO,147,CONSTRUCTORA ALFA,COMPLETADA
2026-04-18,PROD-ARENA,250,CONSTRUCTORA ALFA,COMPLETADA
2026-04-19,PROD-CEMENTO,112,CONSTRUCTORA ALFA,COMPLETADA
2026-04-19,PROD-CEMENTO,112,INDEPENDIENTE,COMPLETADA
2026-04-19,PROD-CEMENTO,112,INDEPENDIENTE,COMPLETADA
2026-04-19,PROD-LADRILLO,176,RETAIL OMEGA,COMPLETADA
2026-04-19,PROD-LADRILLO,176,INDEPENDIENTE,COMPLETADA
2026-04-19,PROD-ACERO,138,INDEPENDIENTE,COMPLETADA
2026-04-19,PROD-ACERO,138,RETAIL OMEGA,COMPLETADA
2026-04-19,PROD-ACERO,138,INDEPENDIENTE,COMPLETADA
2026-04-19,PROD-ARENA,109,CONSTRUCTORA ALFA,COMPLETADA
2026-04-19,PROD-ARENA,109,RETAIL OMEGA,COMPLETADA
2026-04-19,PROD-ARENA,109,CONSTRUCTORA BETA,COMPLETADA
2026-04-20,PROD-CEMENTO,303,INDEPENDIENTE,COMPLETADA
2026-04-20,PROD-LADRILLO,129,CONSTRUCTORA BETA,COMPLETADA
2026-04-20,PROD-LADRILLO,129,CONSTRUCTORA ALFA,COMPLETADA
2026-04-20,PROD-LADRILLO,129,INDEPENDIENTE,COMPLETADA
2026-04-20,PROD-ACERO,127,CONSTRUCTORA ALFA,COMPLETADA
2026-04-20,PROD-ACERO,127,CONSTRUCTORA ALFA,COMPLETADA
2026-04-20,PROD-ACERO,127,INDEPENDIENTE,COMPLETADA
2026-04-20,PROD-ARENA,151,RETAIL OMEGA,COMPLETADA
2026-04-20,PROD-ARENA,151,RETAIL OMEGA,COMPLETADA
2026-04-20,PROD-ARENA,151,CONSTRUCTORA BETA,COMPLETADA
2026-04-21,PROD-CEMENTO,133,CONSTRUCTORA ALFA,COMPLETADA
2026-04-21,PROD-CEMENTO,133,RETAIL OMEGA,COMPLETADA
2026-04-21,PROD-LADRILLO,289,INDEPENDIENTE,COMPLETADA
2026-04-21,PROD-ACERO,81,CONSTRUCTORA ALFA,COMPLETADA
2026-04-21,PROD-ACERO,81,RETAIL OMEGA,COMPLETADA
2026-04-21,PROD-ARENA,0,RETAIL OMEGA,CANCELADA_SIN_STOCK
2026-04-22,PROD-CEMENTO,130,CONSTRUCTORA BETA,COMPLETADA
2026-04-22,PROD-CEMENTO,130,RETAIL OMEGA,COMPLETADA
2026-04-22,PROD-CEMENTO,130,RETAIL OMEGA,COMPLETADA
2026-04-22,PROD-LADRILLO,286,INDEPENDIENTE,COMPLETADA
2026-04-22,PROD-ACERO,0,CONSTRUCTORA BETA,CANCELADA_SIN_STOCK
2026-04-22,PROD-ARENA,250,CONSTRUCTORA ALFA,COMPLETADA
2026-04-23,PROD-CEMENTO,123,CONSTRUCTORA ALFA,COMPLETADA
2026-04-23,PROD-CEMENTO,123,RETAIL OMEGA,COMPLETADA
2026-04-23,PROD-LADRILLO,98,RETAIL OMEGA,COMPLETADA
2026-04-23,PROD-LADRILLO,98,RETAIL OMEGA,COMPLETADA
2026-04-23,PROD-ACERO,0,RETAIL OMEGA,CANCELADA_SIN_STOCK
2026-04-23,PROD-ARENA,92,INDEPENDIENTE,COMPLETADA
2026-04-23,PROD-ARENA,92,RETAIL OMEGA,COMPLETADA
2026-04-23,PROD-ARENA,92,RETAIL OMEGA,COMPLETADA
2026-04-24,PROD-CEMENTO,125,RETAIL OMEGA,COMPLETADA
2026-04-24,PROD-CEMENTO,125,CONSTRUCTORA BETA,COMPLETADA
2026-04-24,PROD-CEMENTO,125,CONSTRUCTORA ALFA,COMPLETADA
2026-04-24,PROD-LADRILLO,124,INDEPENDIENTE,COMPLETADA
2026-04-24,PROD-LADRILLO,124,CONSTRUCTORA BETA,COMPLETADA
2026-04-24,PROD-LADRILLO,124,CONSTRUCTORA ALFA,COMPLETADA
2026-04-24,PROD-ACERO,73,RETAIL OMEGA,COMPLETADA
2026-04-24,PROD-ACERO,73,CONSTRUCTORA BETA,COMPLETADA
2026-04-24,PROD-ACERO,73,RETAIL OMEGA,COMPLETADA
2026-04-24,PROD-ARENA,96,CONSTRUCTORA ALFA,COMPLETADA
2026-04-24,PROD-ARENA,96,CONSTRUCTORA ALFA,COMPLETADA
2026-04-25,PROD-CEMENTO,279,INDEPENDIENTE,COMPLETADA
2026-04-25,PROD-LADRILLO,114,INDEPENDIENTE,COMPLETADA
2026-04-25,PROD-LADRILLO,114,INDEPENDIENTE,COMPLETADA
2026-04-25,PROD-ACERO,234,CONSTRUCTORA BETA,COMPLETADA
2026-04-25,PROD-ACERO,234,RETAIL OMEGA,COMPLETADA
2026-04-25,PROD-ARENA,323,RETAIL OMEGA,COMPLETADA
2026-04-26,PROD-CEMENTO,0,INDEPENDIENTE,CANCELADA_SIN_STOCK
2026-04-26,PROD-LADRILLO,355,INDEPENDIENTE,COMPLETADA
2026-04-26,PROD-ACERO,74,CONSTRUCTORA ALFA,COMPLETADA
2026-04-26,PROD-ACERO,74,RETAIL OMEGA,COMPLETADA
2026-04-26,PROD-ARENA,104,RETAIL OMEGA,COMPLETADA
2026-04-26,PROD-ARENA,104,RETAIL OMEGA,COMPLETADA
2026-04-27,PROD-CEMENTO,122,CONSTRUCTORA BETA,COMPLETADA
2026-04-27,PROD-CEMENTO,122,CONSTRUCTORA ALFA,COMPLETADA
2026-04-27,PROD-LADRILLO,208,RETAIL OMEGA,COMPLETADA
2026-04-27,PROD-LADRILLO,208,CONSTRUCTORA ALFA,COMPLETADA
2026-04-27,PROD-ACERO,136,RETAIL OMEGA,COMPLETADA
2026-04-27,PROD-ACERO,136,INDEPENDIENTE,COMPLETADA
2026-04-27,PROD-ACERO,136,CONSTRUCTORA BETA,COMPLETADA
2026-04-27,PROD-ARENA,79,INDEPENDIENTE,COMPLETADA
2026-04-27,PROD-ARENA,79,CONSTRUCTORA BETA,COMPLETADA
2026-04-27,PROD-ARENA,79,CONSTRUCTORA BETA,COMPLETADA
2026-04-28,PROD-CEMENTO,203,INDEPENDIENTE,COMPLETADA
2026-04-28,PROD-CEMENTO,203,RETAIL OMEGA,COMPLETADA
2026-04-28,PROD-LADRILLO,0,INDEPENDIENTE,CANCELADA_SIN_STOCK
2026-04-28,PROD-ACERO,134,CONSTRUCTORA BETA,COMPLETADA
2026-04-28,PROD-ACERO,134,CONSTRUCTORA ALFA,COMPLETADA
2026-04-28,PROD-ARENA,277,CONSTRUCTORA BETA,COMPLETADA
2026-04-29,PROD-CEMENTO,125,RETAIL OMEGA,COMPLETADA
2026-04-29,PROD-CEMENTO,125,INDEPENDIENTE,COMPLETADA
2026-04-29,PROD-CEMENTO,125,CONSTRUCTORA ALFA,COMPLETADA
2026-04-29,PROD-LADRILLO,0,INDEPENDIENTE,CANCELADA_SIN_STOCK
2026-04-29,PROD-ACERO,109,CONSTRUCTORA BETA,COMPLETADA
2026-04-29,PROD-ACERO,109,INDEPENDIENTE,COMPLETADA
2026-04-29,PROD-ACERO,109,INDEPENDIENTE,COMPLETADA
2026-04-29,PROD-ARENA,279,INDEPENDIENTE,COMPLETADA
2026-04-30,PROD-CEMENTO,237,CONSTRUCTORA ALFA,COMPLETADA
2026-04-30,PROD-LADRILLO,0,CONSTRUCTORA BETA,CANCELADA_SIN_STOCK
2026-04-30,PROD-ACERO,301,CONSTRUCTORA BETA,COMPLETADA
2026-04-30,PROD-ARENA,134,RETAIL OMEGA,COMPLETADA
2026-05-01,PROD-CEMENTO,112,INDEPENDIENTE,COMPLETADA
2026-05-01,PROD-CEMENTO,112,RETAIL OMEGA,COMPLETADA
2026-05-01,PROD-LADRILLO,131,CONSTRUCTORA ALFA,COMPLETADA
2026-05-01,PROD-LADRILLO,131,CONSTRUCTORA BETA,COMPLETADA
2026-05-01,PROD-ACERO,152,CONSTRUCTORA BETA,COMPLETADA
2026-05-01,PROD-ARENA,111,INDEPENDIENTE,COMPLETADA
2026-05-01,PROD-ARENA,111,RETAIL OMEGA,COMPLETADA
2026-05-01,PROD-ARENA,111,INDEPENDIENTE,COMPLETADA
2026-05-02,PROD-CEMENTO,0,INDEPENDIENTE,CANCELADA_SIN_STOCK
2026-05-02,PROD-LADRILLO,82,CONSTRUCTORA BETA,COMPLETADA
2026-05-02,PROD-LADRILLO,82,RETAIL OMEGA,COMPLETADA
2026-05-02,PROD-LADRILLO,82,CONSTRUCTORA BETA,COMPLETADA
2026-05-02,PROD-ACERO,467,CONSTRUCTORA BETA,COMPLETADA
2026-05-02,PROD-ARENA,437,CONSTRUCTORA ALFA,COMPLETADA
2026-05-03,PROD-CEMENTO,280,INDEPENDIENTE,COMPLETADA
2026-05-03,PROD-LADRILLO,454,RETAIL OMEGA,COMPLETADA
2026-05-03,PROD-ACERO,0,CONSTRUCTORA ALFA,CANCELADA_SIN_STOCK
2026-05-03,PROD-ARENA,140,CONSTRUCTORA ALFA,COMPLETADA
2026-05-03,PROD-ARENA,140,RETAIL OMEGA,COMPLETADA
2026-05-04,PROD-CEMENTO,238,CONSTRUCTORA ALFA,COMPLETADA
2026-05-04,PROD-LADRILLO,328,INDEPENDIENTE,COMPLETADA
2026-05-04,PROD-ACERO,97,INDEPENDIENTE,COMPLETADA
2026-05-04,PROD-ACERO,97,RETAIL OMEGA,COMPLETADA
2026-05-04,PROD-ACERO,97,CONSTRUCTORA BETA,COMPLETADA
2026-05-04,PROD-ARENA,283,CONSTRUCTORA ALFA,COMPLETADA
2026-05-05,PROD-CEMENTO,142,RETAIL OMEGA,COMPLETADA
2026-05-05,PROD-CEMENTO,142,INDEPENDIENTE,COMPLETADA
2026-05-05,PROD-LADRILLO,40,INDEPENDIENTE,COMPLETADA
2026-05-05,PROD-LADRILLO,40,INDEPENDIENTE,COMPLETADA
2026-05-05,PROD-LADRILLO,40,CONSTRUCTORA ALFA,COMPLETADA
2026-05-05,PROD-ACERO,22,INDEPENDIENTE,COMPLETADA
2026-05-05,PROD-ACERO,22,INDEPENDIENTE,COMPLETADA
2026-05-05,PROD-ACERO,22,CONSTRUCTORA ALFA,COMPLETADA
2026-05-05,PROD-ARENA,122,INDEPENDIENTE,COMPLETADA
2026-05-05,PROD-ARENA,122,INDEPENDIENTE,COMPLETADA
2026-05-06,PROD-CEMENTO,0,INDEPENDIENTE,CANCELADA_SIN_STOCK
2026-05-06,PROD-LADRILLO,133,CONSTRUCTORA BETA,COMPLETADA
2026-05-06,PROD-LADRILLO,133,RETAIL OMEGA,COMPLETADA
2026-05-06,PROD-LADRILLO,133,CONSTRUCTORA BETA,COMPLETADA
2026-05-06,PROD-ACERO,149,CONSTRUCTORA ALFA,COMPLETADA
2026-05-06,PROD-ACERO,149,INDEPENDIENTE,COMPLETADA
2026-05-06,PROD-ARENA,166,RETAIL OMEGA,COMPLETADA
2026-05-06,PROD-ARENA,166,INDEPENDIENTE,COMPLETADA
2026-05-07,PROD-CEMENTO,231,RETAIL OMEGA,COMPLETADA
2026-05-07,PROD-LADRILLO,145,CONSTRUCTORA ALFA,COMPLETADA
2026-05-07,PROD-LADRILLO,145,INDEPENDIENTE,COMPLETADA
2026-05-07,PROD-ACERO,192,CONSTRUCTORA ALFA,COMPLETADA
2026-05-07,PROD-ACERO,192,CONSTRUCTORA ALFA,COMPLETADA
2026-05-07,PROD-ARENA,67,CONSTRUCTORA BETA,COMPLETADA
2026-05-07,PROD-ARENA,67,INDEPENDIENTE,COMPLETADA
2026-05-07,PROD-ARENA,67,INDEPENDIENTE,COMPLETADA
2026-05-08,PROD-CEMENTO,100,CONSTRUCTORA BETA,COMPLETADA
2026-05-08,PROD-CEMENTO,100,INDEPENDIENTE,COMPLETADA
2026-05-08,PROD-LADRILLO,214,CONSTRUCTORA BETA,COMPLETADA
2026-05-08,PROD-LADRILLO,214,INDEPENDIENTE,COMPLETADA
2026-05-08,PROD-ACERO,147,CONSTRUCTORA BETA,COMPLETADA
2026-05-08,PROD-ACERO,147,CONSTRUCTORA ALFA,COMPLETADA
2026-05-08,PROD-ARENA,172,CONSTRUCTORA ALFA,COMPLETADA
2026-05-08,PROD-ARENA,172,INDEPENDIENTE,COMPLETADA
2026-05-09,PROD-CEMENTO,118,CONSTRUCTORA BETA,COMPLETADA
2026-05-09,PROD-CEMENTO,118,CONSTRUCTORA BETA,COMPLETADA
2026-05-09,PROD-CEMENTO,118,RETAIL OMEGA,COMPLETADA
2026-05-09,PROD-LADRILLO,202,INDEPENDIENTE,COMPLETADA
2026-05-09,PROD-LADRILLO,202,INDEPENDIENTE,COMPLETADA
2026-05-09,PROD-ACERO,336,CONSTRUCTORA ALFA,COMPLETADA
2026-05-09,PROD-ARENA,87,CONSTRUCTORA BETA,COMPLETADA
2026-05-09,PROD-ARENA,87,INDEPENDIENTE,COMPLETADA
2026-05-10,PROD-CEMENTO,276,CONSTRUCTORA BETA,COMPLETADA
2026-05-10,PROD-LADRILLO,0,RETAIL OMEGA,CANCELADA_SIN_STOCK
2026-05-10,PROD-ACERO,205,CONSTRUCTORA ALFA,COMPLETADA
2026-05-10,PROD-ARENA,0,RETAIL OMEGA,CANCELADA_SIN_STOCK
2026-05-11,PROD-CEMENTO,414,RETAIL OMEGA,COMPLETADA
2026-05-11,PROD-LADRILLO,0,CONSTRUCTORA BETA,CANCELADA_SIN_STOCK
2026-05-11,PROD-ACERO,129,INDEPENDIENTE,COMPLETADA
2026-05-11,PROD-ACERO,129,RETAIL OMEGA,COMPLETADA
2026-05-11,PROD-ACERO,129,CONSTRUCTORA BETA,COMPLETADA
2026-05-11,PROD-ARENA,108,CONSTRUCTORA ALFA,COMPLETADA
2026-05-11,PROD-ARENA,108,INDEPENDIENTE,COMPLETADA
2026-05-11,PROD-ARENA,108,CONSTRUCTORA ALFA,COMPLETADA
2026-05-12,PROD-CEMENTO,131,CONSTRUCTORA ALFA,COMPLETADA
2026-05-12,PROD-CEMENTO,131,INDEPENDIENTE,COMPLETADA
2026-05-12,PROD-CEMENTO,131,INDEPENDIENTE,COMPLETADA
2026-05-12,PROD-LADRILLO,131,RETAIL OMEGA,COMPLETADA
2026-05-12,PROD-ACERO,149,CONSTRUCTORA ALFA,COMPLETADA
2026-05-12,PROD-ACERO,149,CONSTRUCTORA BETA,COMPLETADA
2026-05-12,PROD-ARENA,0,CONSTRUCTORA ALFA,CANCELADA_SIN_STOCK
2026-05-13,PROD-CEMENTO,139,CONSTRUCTORA ALFA,COMPLETADA
2026-05-13,PROD-CEMENTO,139,INDEPENDIENTE,COMPLETADA
2026-05-13,PROD-CEMENTO,139,CONSTRUCTORA ALFA,COMPLETADA
2026-05-13,PROD-LADRILLO,0,RETAIL OMEGA,CANCELADA_SIN_STOCK
2026-05-13,PROD-ACERO,80,INDEPENDIENTE,COMPLETADA
2026-05-13,PROD-ACERO,80,CONSTRUCTORA ALFA,COMPLETADA
2026-05-13,PROD-ACERO,80,RETAIL OMEGA,COMPLETADA
2026-05-13,PROD-ARENA,257,CONSTRUCTORA BETA,COMPLETADA
2026-05-14,PROD-CEMENTO,184,INDEPENDIENTE,COMPLETADA
2026-05-14,PROD-CEMENTO,184,CONSTRUCTORA BETA,COMPLETADA
2026-05-14,PROD-LADRILLO,310,CONSTRUCTORA BETA,COMPLETADA
2026-05-14,PROD-ACERO,94,INDEPENDIENTE,COMPLETADA
2026-05-14,PROD-ACERO,94,INDEPENDIENTE,COMPLETADA
2026-05-14,PROD-ACERO,94,INDEPENDIENTE,COMPLETADA
2026-05-14,PROD-ARENA,157,CONSTRUCTORA ALFA,COMPLETADA
2026-05-14,PROD-ARENA,157,INDEPENDIENTE,COMPLETADA
2026-05-15,PROD-CEMENTO,71,INDEPENDIENTE,COMPLETADA
2026-05-15,PROD-CEMENTO,71,CONSTRUCTORA ALFA,COMPLETADA
2026-05-15,PROD-CEMENTO,71,RETAIL OMEGA,COMPLETADA
2026-05-15,PROD-LADRILLO,78,CONSTRUCTORA ALFA,COMPLETADA
2026-05-15,PROD-LADRILLO,78,RETAIL OMEGA,COMPLETADA
2026-05-15,PROD-LADRILLO,78,RETAIL OMEGA,COMPLETADA
2026-05-15,PROD-ACERO,0,CONSTRUCTORA ALFA,CANCELADA_SIN_STOCK
2026-05-15,PROD-ARENA,336,CONSTRUCTORA BETA,COMPLETADA
2026-05-16,PROD-CEMENTO,0,RETAIL OMEGA,CANCELADA_SIN_STOCK
2026-05-16,PROD-LADRILLO,109,CONSTRUCTORA ALFA,COMPLETADA
2026-05-16,PROD-LADRILLO,109,RETAIL OMEGA,COMPLETADA
2026-05-16,PROD-ACERO,204,RETAIL OMEGA,COMPLETADA
2026-05-16,PROD-ACERO,204,INDEPENDIENTE,COMPLETADA
2026-05-16,PROD-ARENA,0,CONSTRUCTORA BETA,CANCELADA_SIN_STOCK
2026-05-17,PROD-CEMENTO,0,CONSTRUCTORA ALFA,CANCELADA_SIN_STOCK
2026-05-17,PROD-LADRILLO,261,CONSTRUCTORA BETA,COMPLETADA
2026-05-17,PROD-ACERO,0,RETAIL OMEGA,CANCELADA_SIN_STOCK
2026-05-17,PROD-ARENA,219,CONSTRUCTORA BETA,COMPLETADA
2026-05-18,PROD-CEMENTO,75,INDEPENDIENTE,COMPLETADA
2026-05-18,PROD-CEMENTO,75,RETAIL OMEGA,COMPLETADA
2026-05-18,PROD-CEMENTO,75,CONSTRUCTORA BETA,COMPLETADA
2026-05-18,PROD-LADRILLO,78,CONSTRUCTORA ALFA,COMPLETADA
2026-05-18,PROD-LADRILLO,78,INDEPENDIENTE,COMPLETADA
2026-05-18,PROD-ACERO,150,RETAIL OMEGA,COMPLETADA
2026-05-18,PROD-ACERO,150,CONSTRUCTORA ALFA,COMPLETADA
2026-05-18,PROD-ARENA,157,CONSTRUCTORA ALFA,COMPLETADA
2026-05-18,PROD-ARENA,157,INDEPENDIENTE,COMPLETADA
2026-05-19,PROD-CEMENTO,70,INDEPENDIENTE,COMPLETADA
2026-05-19,PROD-CEMENTO,70,INDEPENDIENTE,COMPLETADA
2026-05-19,PROD-CEMENTO,70,CONSTRUCTORA ALFA,COMPLETADA
2026-05-19,PROD-LADRILLO,145,CONSTRUCTORA ALFA,COMPLETADA
2026-05-19,PROD-ACERO,152,INDEPENDIENTE,COMPLETADA
2026-05-19,PROD-ACERO,152,INDEPENDIENTE,COMPLETADA
2026-05-19,PROD-ACERO,152,CONSTRUCTORA BETA,COMPLETADA
2026-05-19,PROD-ARENA,90,RETAIL OMEGA,COMPLETADA
2026-05-19,PROD-ARENA,90,INDEPENDIENTE,COMPLETADA
2026-05-19,PROD-ARENA,90,RETAIL OMEGA,COMPLETADA
2026-05-20,PROD-CEMENTO,276,CONSTRUCTORA ALFA,COMPLETADA
2026-05-20,PROD-LADRILLO,146,CONSTRUCTORA BETA,COMPLETADA
2026-05-20,PROD-LADRILLO,146,INDEPENDIENTE,COMPLETADA
2026-05-20,PROD-LADRILLO,146,INDEPENDIENTE,COMPLETADA
2026-05-20,PROD-ACERO,68,CONSTRUCTORA BETA,COMPLETADA
2026-05-20,PROD-ACERO,68,INDEPENDIENTE,COMPLETADA
2026-05-20,PROD-ACERO,68,INDEPENDIENTE,COMPLETADA
2026-05-20,PROD-ARENA,196,INDEPENDIENTE,COMPLETADA
2026-05-20,PROD-ARENA,196,CONSTRUCTORA BETA,COMPLETADA
2026-05-21,PROD-CEMENTO,462,CONSTRUCTORA BETA,COMPLETADA
2026-05-21,PROD-LADRILLO,395,RETAIL OMEGA,COMPLETADA
2026-05-21,PROD-ACERO,112,CONSTRUCTORA ALFA,COMPLETADA
2026-05-21,PROD-ACERO,112,RETAIL OMEGA,COMPLETADA
2026-05-21,PROD-ACERO,112,CONSTRUCTORA BETA,COMPLETADA
2026-05-21,PROD-ARENA,349,CONSTRUCTORA ALFA,COMPLETADA
2026-05-22,PROD-CEMENTO,398,CONSTRUCTORA BETA,COMPLETADA
2026-05-22,PROD-LADRILLO,159,INDEPENDIENTE,COMPLETADA
2026-05-22,PROD-LADRILLO,159,CONSTRUCTORA BETA,COMPLETADA
2026-05-22,PROD-ACERO,172,RETAIL OMEGA,COMPLETADA
2026-05-22,PROD-ACERO,172,RETAIL OMEGA,COMPLETADA
2026-05-22,PROD-ARENA,210,RETAIL OMEGA,COMPLETADA
2026-05-22,PROD-ARENA,210,CONSTRUCTORA ALFA,COMPLETADA
2026-05-23,PROD-CEMENTO,174,CONSTRUCTORA BETA,COMPLETADA
2026-05-23,PROD-CEMENTO,174,CONSTRUCTORA ALFA,COMPLETADA
2026-05-23,PROD-LADRILLO,352,INDEPENDIENTE,COMPLETADA
2026-05-23,PROD-ACERO,150,CONSTRUCTORA ALFA,COMPLETADA
2026-05-23,PROD-ACERO,150,CONSTRUCTORA ALFA,COMPLETADA
2026-05-23,PROD-ARENA,107,CONSTRUCTORA BETA,COMPLETADA
2026-05-23,PROD-ARENA,107,INDEPENDIENTE,COMPLETADA
2026-05-23,PROD-ARENA,107,CONSTRUCTORA ALFA,COMPLETADA
2026-05-24,PROD-CEMENTO,284,INDEPENDIENTE,COMPLETADA
2026-05-24,PROD-LADRILLO,104,CONSTRUCTORA BETA,COMPLETADA
2026-05-24,PROD-LADRILLO,104,RETAIL OMEGA,COMPLETADA
2026-05-24,PROD-ACERO,132,CONSTRUCTORA ALFA,COMPLETADA
2026-05-24,PROD-ACERO,132,CONSTRUCTORA ALFA,COMPLETADA
2026-05-24,PROD-ARENA,176,CONSTRUCTORA ALFA,COMPLETADA
2026-05-24,PROD-ARENA,176,CONSTRUCTORA ALFA,COMPLETADA
2026-05-25,PROD-CEMENTO,103,RETAIL OMEGA,COMPLETADA
2026-05-25,PROD-CEMENTO,103,INDEPENDIENTE,COMPLETADA
2026-05-25,PROD-CEMENTO,103,CONSTRUCTORA ALFA,COMPLETADA
2026-05-25,PROD-LADRILLO,145,INDEPENDIENTE,COMPLETADA
2026-05-25,PROD-LADRILLO,145,CONSTRUCTORA BETA,COMPLETADA
2026-05-25,PROD-LADRILLO,145,INDEPENDIENTE,COMPLETADA
2026-05-25,PROD-ACERO,188,CONSTRUCTORA ALFA,COMPLETADA
2026-05-25,PROD-ACERO,188,INDEPENDIENTE,COMPLETADA
2026-05-25,PROD-ARENA,173,RETAIL OMEGA,COMPLETADA
2026-05-25,PROD-ARENA,173,CONSTRUCTORA BETA,COMPLETADA
2026-05-26,PROD-CEMENTO,234,CONSTRUCTORA BETA,COMPLETADA
2026-05-26,PROD-LADRILLO,103,INDEPENDIENTE,COMPLETADA
2026-05-26,PROD-LADRILLO,103,RETAIL OMEGA,COMPLETADA
2026-05-26,PROD-ACERO,0,INDEPENDIENTE,CANCELADA_SIN_STOCK
2026-05-26,PROD-ARENA,30,CONSTRUCTORA BETA,COMPLETADA
2026-05-26,PROD-ARENA,30,CONSTRUCTORA BETA,COMPLETADA
2026-05-27,PROD-CEMENTO,122,INDEPENDIENTE,COMPLETADA
2026-05-27,PROD-CEMENTO,122,CONSTRUCTORA ALFA,COMPLETADA
2026-05-27,PROD-CEMENTO,122,RETAIL OMEGA,COMPLETADA
2026-05-27,PROD-LADRILLO,70,CONSTRUCTORA BETA,COMPLETADA
2026-05-27,PROD-LADRILLO,70,RETAIL OMEGA,COMPLETADA
2026-05-27,PROD-LADRILLO,70,RETAIL OMEGA,COMPLETADA
2026-05-27,PROD-ACERO,126,INDEPENDIENTE,COMPLETADA
2026-05-27,PROD-ACERO,126,CONSTRUCTORA ALFA,COMPLETADA
2026-05-27,PROD-ACERO,126,CONSTRUCTORA BETA,COMPLETADA
2026-05-27,PROD-ARENA,215,INDEPENDIENTE,COMPLETADA
